证券代码,净利润增长率%,加权平均ROE本期,加权平均ROE上年同期,加权平均ROE增长率%,营业收入增长率%,基本
1,899.18,159.57,152.27,438.11,235.59,16.39
2,220.5,176.77,167.21,59.4,205.19,12.04
4,3607.97,77.89,54.38,3229.34,290.14,0.85
5,-131.71,-0.07,0.14,-218.96,656.34,0.03
6,255.22,147.13,140.96,112.97,174.32,4.58
7,598.92,29.23,28.83,365.0,-58.67,0.46
8,2410.99,37.18,31.86,1385.57,415.88,0.9400000000000001
9,118.84,90.06,99.12,-5.06,97.99,1.88
10,-5330.94,-56.43,23.48,-5391.69,273.91,-1.27
11,1215.89,183.07,158.15,976.08,207.48,4.62
12,569.82,104.88,90.7,475.16,114.16,3.47
14,-20.22,77.45,88.19,-88.17,126.26,2.06
16,2743.49,40.52,-15.9,-1101.02,110.62,1.96
17,1837.76,28.87,70.48,1651.89,-39.5,0.0
18,3131.95,84.32,48.63,3745.32,95.96,2.07
19,674.89,13.56,22.89,235.4,96.0,0.48
20,-69.86,11.16,13.94,-100.13,247.03,0.11
21,228.57,52.06,51.44,175.9,8.2,1.78
22,-2.56,121.17,135.07,-61.57,7.72,6.94
23,300.72,43.42,42.96,258.28,98.03,1.09
24,141.54,82.19,81.21,13.73,358.66,9.68
25,649.08,36.71,32.33,310.76,-43.76,0.63
26,118.61,78.15,82.21,-32.64,130.86,2.94
27,38.32,80.63,86.37,-29.26,46.63,4.65
28,195.91,195.51,210.93,-68.95,126.84,15.46
29,458.44,81.74,76.58,327.71,116.86,1.62
30,53.05,55.69,55.88,6.42,40.33,2.03
31,241.71,99.99,88.84,192.04,285.08,2.92
32,1403.24,48.25,55.49,519.05,43.26,1.67
33,-1625.05,32.01,-57.35,-1465.79,17.22,-0.11
34,2215.68,144.28,254.22,282.79,8817.2,2.12
35,142.49,48.58,-47.95,66.94,253.53,1.06
36,1992.32,137.42,74.2,1412.89,1841.99,3.09
37,-1298.61,2.25,2.04,-1600.17,3.01,0.31
38,1343.95,5.17,17.23,-3680.52,550.13,1.5
39,908.08,197.26,201.26,635.7,304.8,14.06
42,3987.57,107.21,97.58,3653.18,275.0,10.17
43,988.06,104.71,103.02,306.89,162.58,6.17
45,-1296.99,6.93,16.61,-1434.55,158.05,0.04
46,470.82,101.07,88.52,381.95,314.59,2.66
48,5660.39,95.28,189.38,4663.08,117.65,1.5899999999999999
49,-527.08,273.7,251.97,-311.79,336.24,8.78
50,-1973.33,42.18,37.06,-2545.4,205.68,2.47
55,1049.52,180.47,131.42,638.25,169.21,4.5
56,-2502.24,-131.89,82.77,-3851.02,453.07,-1.67
58,-545.15,21.21,13.02,-580.67,130.91,0.37
59,-1182.01,32.46,23.15,-1387.86,743.29,2.27
60,319.73,88.78,87.31,177.92,136.43,2.65
61,422.33,26.89,28.96,337.51,83.05,0.96
62,467.12,126.18,118.96,722.3,356.26,4.14
63,189.63,64.35,60.97,98.83,102.92,4.8100000000000005
65,293.86,145.22,140.0,80.98,215.44,6.02
66,1985.8,43.05,34.73,3705.83,612.83,1.17
68,-10488.21,-1178.62,-1182.61,-100763.69,2587.5,-2.27
69,216.84,174.52,174.12,16.19,183.07,6.43
70,290.12,70.84,62.06,141.32,246.7,2.5700000000000003
78,2419.53,84.9,76.57,1840.73,287.66,1.53
88,-27.74,78.39,87.28,-75.02,-15.59,2.24
89,64.73,58.57,64.26,-25.7,57.99,2.47
90,453.04,68.24,54.49,330.97,103.67,4.34
96,389.37,52.28,54.41,332.28,5.39,1.9100000000000001
99,31.54,62.13,65.77,-50.72,67.76,2.3
100,323.85,94.43,97.0,95.7,115.24,1.6600000000000001
150,4968.31,80.02,87.4,4257.5,1232.74,2.91
151,269.13,61.68,57.63,241.8,190.6,2.02
153,285.53,32.51,29.19,237.36,123.12,1.04
155,-5981.78,-72.59,-101.01,-7505.63,188.68,-1.8
156,152.95,64.46,80.87,-92.72,80.5,1.83
157,-988.46,127.74,160.08,-1292.18,96.19,5.03
158,917.78,28.36,27.71,433.16,146.58,1.06
159,29.9,89.97,108.34,-118.31,-20.61,3.26
166,79.59,52.8,63.81,-48.81,68.7,1.51
301,119.0,51.48,52.22,81.14,50.09,1.26
333,151.75,111.31,110.3,5.9,81.06,10.43
338,351.07,181.98,188.46,163.94,198.98,19.13
400,434.57,104.28,97.66,332.78,138.06,6.32
401,-9482.38,83.5,102.18,-10654.1,316.66,4.94
402,124.87,100.16,97.22,44.17,192.09,7.19
403,1136.79,247.81,16234.12,-263.83,24.67,1.74
404,495.65,87.44,90.09,278.14,108.29,2.36
407,-2939.53,28.47,52.97,-2989.17,92.77,0.54
408,-31.6,-62.67,-148.99,-92.62,12.99,0.44
409,-338.7,-49.0,-16.37,-479.16,964.2,-0.25
410,-2238.72,-91.29,-106.13,-2807.38,-28.34,-1.9100000000000001
411,403.07,177.11,181.81,109.25,168.88,3.41
413,1512.19,90.76,85.34,52084.43,1151.43,2.26
415,302.95,30.21,16.16,110.65,399.01,3.09
416,2034.41,41.62,36.62,2301.85,-112.22,0.62
417,112.41,137.6,146.07,-53.42,78.2,4.54
418,676.42,145.8,125.2,500.67,155.63,9.91
419,197.8,80.44,79.22,71.18,88.99,2.41
420,-4289.98,-156.69,-193.12,-7230.9,52.14,-1.81
421,141.12,86.04,89.22,25.21,-18.86,2.49
422,-3577.07,57.83,92.0,-3637.26,94.83,2.7
423,226.4,219.72,219.11,5.71,163.75,16.84
425,495.4,8.05,11.7,522.76,27.96,0.38
426,1350.87,48.27,26.52,964.93,303.61,1.62
428,-2295.39,32.02,41.13,-1326.22,13.12,0.6900000000000001
429,199.94,79.09,73.61,125.16,68.65,2.84
430,33.04,93.26,124.84,-102.43,12.58,1.4100000000000001
488,390.98,62.41,56.85,262.34,72.26,5.17
498,143.25,79.12,68.37,190.35,64.44,2.06
501,112.23,78.4,77.16,8.8,7.39,6.33
502,-1138.6,-46.24,26.29,-1297.18,1949.95,-0.42
503,195.32,12.8,12.03,201.67,-34.01,0.2
504,-997.28,-297.09,194.23,-1031.6,-94.54,-0.71
505,-1571.19,-286.8,-73.26,-3965.63,258.69,-0.55
506,-5351.14,83.14,175.35,-6401.86,188.63,0.91
507,410.52,65.35,67.51,329.14,68.6,2.54
509,-630.49,-314.17,-366.19,-1016.22,2648.43,-0.11
510,583.92,-20.17,-33.66,371.7,-7.86,-0.32
511,-1440.42,-48.82,-53.4,-1545.18,310.39,-0.49
513,1347.98,183.58,135.21,982.07,155.46,20.81
514,1509.79,39.41,43.42,1452.86,198.32,1.29
516,247.41,102.18,107.04,49.11,75.4,1.98
517,213.88,94.24,144.87,107.8,251.99,1.97
518,-1734.47,-13.78,-33.38,-1816.87,77.26,-0.09
519,288.62,20.68,-5.06,1247.45,1.65,0.67
520,-8298.88,-159.1,43.03,-14355.72,18.43,-1.8399999999999999
521,1607.63,66.54,68.57,1056.24,136.98,2.84
522,192.2,77.32,63.98,102.99,52.72,1.97
523,268.31,24.81,23.79,112.68,292.72,0.66
524,-949.74,33.4,25.34,-854.64,21.2,0.8300000000000001
525,964.61,57.97,46.1,247.16,64.84,4.09
526,-814.4,-64.57,-113.59,62863.84,6229.24,-0.8
527,165.79,96.09,100.55,-10.87,60.03,4.11
528,717.2,86.47,95.35,566.02,59.89,6.03
529,169.42,77.79,74.98,81.54,79.74,1.31
530,80.25,54.35,56.21,3.15,32.69,2.73
531,826.95,132.09,119.96,599.28,31.88,6.27
532,276.72,51.89,39.32,259.18,113.44,1.01
533,234.74,107.64,115.77,107.57,157.59,1.75
534,439.56,50.74,47.36,451.11,64.03,1.26
536,95.73,96.63,111.04,-114.67,-8.11,2.98
537,872.88,196.4,160.39,476.13,316.94,4.96
538,445.62,410.62,432.32,-57.2,318.58,41.42
539,3895.64,86.52,83.69,3778.67,27.56,3.62
540,380.8,274.19,287.44,14.54,396.1,5.92
541,1832.44,98.12,90.6,1504.54,86.74,3.19
545,-383.04,-68.0,46.94,-727.27,66.62,0.45
546,1241.8,106.21,79.6,1057.42,5996.94,2.19
547,596.35,60.57,58.7,294.19,366.85,1.7000000000000002
548,424.55,35.05,29.54,410.12,370.13,1.03
550,40.59,178.45,193.64,-87.98,147.56,16.44
551,740.9,37.26,39.78,661.83,51.59,1.3
552,106.08,112.88,129.86,6.92,109.07,3.8200000000000003
553,512.48,80.11,88.13,440.8,9.68,2.47
554,-84.81,8.74,23.98,-83.66,0.04,0.17
555,29.25,38.64,46.49,-68.96,8.93,1.6
557,-1791.84,11.24,544.98,2656.64,600.22,0.1
559,130.18,142.36,136.68,66.06,84.0,2.85
560,142.47,49.83,55.64,18.93,53.78,2.66
561,75.67,48.19,55.2,13.25,43.16,0.76
562,616.16,118.12,120.58,268.51,564.62,4.69
563,288.4,82.8,86.32,-4.14,204.28,2.38
564,281.41,44.76,48.94,-13.32,192.63,1.46
565,456.13,96.32,94.19,123.63,369.87,2.31
566,227.75,77.45,90.87,-83.36,175.83,2.15
567,1601.26,61.9,53.57,1151.87,503.78,0.89
568,179.73,262.52,283.7,27.47,143.3,15.32
570,268.38,43.29,34.8,205.33,30.87,1.37
571,-6.15,53.03,57.43,-89.77,141.2,1.05
572,-875.95,7.06,23.26,-935.33,77.4,0.31
573,-253.76,29.92,19.69,-301.33,270.84,0.72
576,515.09,-68.37,-56.92,83.21,-19.45,-0.56
578,0.9,38.05,67.87,-69.26,18.94,0.97
581,420.55,165.23,154.59,210.96,138.52,14.91
582,143.82,108.43,108.04,89.93,335.04,3.93
584,-367.61,26.37,26.04,-660.81,145.59,1.28
585,-2427.69,-39.46,-17.44,-2804.87,-167.53,-0.11
586,3896.22,77.87,1.09,2981.46,0.6000000000000001,0.66
587,268.22,79.47,277.18,-132.39,222.82,2.76
589,-1125.49,44.09,54.74,-1299.06,60.08,2.37
590,-297.65,-2.45,-0.4,-436.33,56.38,0.09
591,133.53,52.03,51.05,742.51,74.26,1.92
592,119.46,48.36,76.18,-22.28,131.71,0.44
593,2605.65,64.81,64.1,2238.67,88.95,0.8300000000000001
594,-1483.32,-9.17,2.22,-1506.57,577.72,-0.18
595,-2611.53,-144.84,-142.64,-2133.38,53.43,-2.11
596,606.62,189.98,174.89,377.46,188.38,13.5
597,-2828.13,-6.76,20.37,-2005.44,29.29,-0.33
598,-1003.49,83.19,72.11,-1069.23,90.74,2.67
599,270.11,42.27,10.45,196.85,22.87,1.24
600,1234.51,93.43,93.55,1003.83,84.84,4.36
601,451.3,52.31,39.22,396.35,58.43,1.88
602,-32.29,24.83,16.14,39.31,143.86,1.33
603,200.33,273.14,258.03,1747.99,92.96,3.79
605,-1713.76,-9.23,7.15,-2002.91,202.9,1.0
606,-2489.17,-32.81,-32.14,-2899.06,55.28,-0.44
607,-1906.81,25.48,18.27,-1610.72,12.44,0.62
608,-1622.12,32.33,28.72,-1944.04,120.65,0.75
609,827.02,76.61,86.57,730.96,1434.32,2.87
610,326.8,14.87,19.98,299.58,84.79,0.33
611,-2375.97,-108.42,-98.35,-2608.94,398.72,-1.29
612,2092.27,52.01,67.67,1454.61,-10.33,2.29
613,-1600.1,-14.11,-14.47,-1650.63,2.39,-0.03
615,-2655.31,51.27,15.76,-2891.6,84.93,1.57
616,-181.15,57.14,68.17,-247.78,2.47,1.74
617,-1806.48,-16.64,-12.45,-1780.39,-98.14,0.6900000000000001
619,89.79,53.65,57.72,34.12,-31.89,3.07
620,74.92,104.85,107.82,49.51,165.93,2.21
622,-443.49,-30.72,-11.77,-492.55,-54.88,-0.15
623,198.88,133.44,142.08,37.05,128.25,17.29
625,4672.42,180.58,165.25,4155.66,219.29,10.02
626,1798.04,148.58,156.93,1328.12,215.9,4.02
627,143.99,37.69,29.14,-616.49,-33.05,0.9400000000000001
628,-149.73,30.92,35.75,-314.54,-25.23,0.4
629,34304.58,-130.28,-157.03,38727.05,-101.72,-1.25
630,-3.75,56.98,65.38,-134.96,99.93,3.42
631,160.29,145.73,156.45,-17.41,194.79,3.3
632,153.42,17.11,17.07,70.11,104.44,0.30000000000000004
633,-241.28,-26.05,-17.79,-430.9,-16.82,-0.1
635,420.14,48.28,55.98,213.64,8.42,2.93
636,552.49,40.21,13.13,411.84,71.16,1.52
637,1638.91,82.06,72.54,1592.48,42.07,1.3
638,-1403.65,83.27,312.88,-1534.37,101.29,0.56
639,-366.61,98.16,83.24,-7.21,185.28,6.24
650,133.74,166.24,178.98,-32.67,173.72,3.37
651,292.3,301.53,296.22,23.14,154.64,24.08
652,-21700.04,61.24,59.89,-23280.72,252.54,1.07
655,-5506.06,52.72,102.14,-6132.68,60.58,1.75
656,5632.92,128.21,119.91,547.6,784339.94,5.42
657,-2638.61,-20.61,-27.94,-2816.87,31.9,-0.49
659,-1727.61,-121.6,-136.88,-2335.23,-63.57,-0.98
661,572.87,199.41,188.96,264.1,183.4,18.81
662,9562.52,-23.36,-33.37,-1835.33,215.85,0.04
663,-580.72,6.73,4.46,-391.48,162.22,0.53
665,245.71,64.11,63.17,76.8,166.73,3.42
666,246.24,87.6,71.92,115.94,84.24,6.52
667,381.28,49.98,53.84,312.57,228.66,1.26
668,-2915.33,21.14,40.21,-3034.02,2541.62,0.84
669,127.51,60.18,30.99,2463.9,101.97,4.75
670,-989.27,-38.96,23.45,-1340.54,145.18,-0.27
671,625.98,214.74,217.19,109.68,520.06,6.86
672,526.74,162.35,179.03,758.64,451.48,2.09
673,19995.49,82.89,-1011.84,178.36,2667.55,0.75
676,7798.89,-96.5,-113.55,-973.75,735.51,-0.1
677,-494.72,-207.9,-230.18,-841.7,-11.13,-0.78
678,-904.75,9.3,11.05,-1353.92,136.39,0.13
681,962.68,71.51,36.71,1157.67,13446.37,1.29
682,136.06,23.0,20.68,107.46,122.44,0.35000000000000003
683,-184.85,80.9,82.11,-216.05,125.79,2.5300000000000002
685,187.61,119.08,127.6,46.24,57.38,8.93
686,539.45,108.88,124.21,242.69,276.48,5.44
687,-3806.98,8.25,-10.28,-3945.66,110.5,0.15
688,61.28,84.77,97.54,-27.77,71.37,1.1
690,151.56,121.38,135.17,17.18,108.46,3.02
691,-738.84,-10.93,2.51,-535.46,-0.21,-0.03
692,156.66,22.3,21.31,6883.96,58.31,0.85
693,-241.42,-33.71,14.68,-334.55,12.48,-0.58
695,-2153.23,-0.42,-2.76,-1744.29,99.25,-0.07
697,-379.67,3.98,-14.16,-459.23,5765.3,-0.08
698,230.96,31.8,31.01,800.34,80.53,1.52
700,224.54,91.91,94.28,57.6,96.17,3.79
701,179.59,76.67,85.38,-180.06,231.72,2.93
702,-130.95,10.77,10.19,-161.65,-10.05,0.18
703,463.99,71.35,49.68,3537.12,167.14,5.69
705,223.01,41.0,38.94,99.24,89.03,1.8599999999999999
707,-10998.24,-215.74,-61.28,-13980.73,35.43,-3.41
708,174.48,125.06,124.8,66.82,81.88,8.1
709,553.99,22.54,33.62,510.96,12.1,0.9400000000000001
710,-1489.37,22.91,6.66,-883.97,27.38,0.93
711,1048.87,-0.42,-7.23,-134.78,865.1,0.38
712,1514.51,122.23,121.17,1129.03,111.62,3.51
713,41.71,51.45,56.34,-62.61,58.66,1.6400000000000001
715,164.53,74.09,74.61,33.19,11.59,2.93
716,4747.62,114.01,83.96,2491.85,187.5,2.15
717,-4542.31,-94.29,-265.53,-7275.32,86.73,-2.29
718,114.37,165.69,190.06,-58.42,122.94,3.36
719,93.31,73.24,73.11,9.09,78.34,4.2
720,-2436.35,-54.47,-30.73,-2807.63,26.94,-0.46
721,-312.52,30.87,36.43,-391.74,-7.42,0.6900000000000001
722,-350.38,-129.04,-143.52,-1405.51,-36.79,0.29
723,474.11,22.89,28.95,-172.54,71.07,0.48
725,-2851.79,18.61,-6.58,-1984.53,314.41,0.41000000000000003
726,67.52,132.28,141.21,-35.06,54.43,7.42
727,-1604.88,-3.15,-2.63,-596.55,377.56,-0.04
728,229.99,70.48,76.13,80.72,185.79,5.24
729,-56.86,55.72,62.64,-140.84,34.44,2.98
731,-423.9,37.83,44.9,-500.4,-0.92,1.47
732,259.7,128.93,140.21,-39.67,300.18,6.5
733,241.19,33.29,29.61,169.65,145.99,2.31
735,177.29,20.51,21.19,81.64,80.99,0.45
736,671.35,68.32,58.85,451.39,1015.27,4.46
737,-8635.23,-200.2,-212.89,-13040.96,-26.15,-2.38
738,137.6,51.94,35.34,129.77,49.57,1.63
739,106.11,73.8,68.41,856.47,95.85,1.76
748,340.44,53.44,56.09,194.41,115.6,1.65
750,16.52,53.24,27.26,77.26,126.54,1.63
751,-987.99,-172.56,-391.27,-1203.2,83.7,-1.08
752,425.89,43.65,46.57,343.46,30.96,1.11
753,149.23,81.68,86.39,109.43,159.11,1.51
755,-1045.32,-122.12,-139.41,-1907.11,51.9,-3.44
756,372.65,43.83,36.16,368.97,73.66,1.74
757,28.02,222.46,137.7,220.97,2.43,0.48
758,685.51,60.08,62.67,481.68,146.4,1.78
759,881.63,56.2,65.7,793.36,61.57,2.08
760,-1971.78,-13.64,-46.58,-2292.18,-57.58,-0.34
761,-2035.86,-0.97,-11.8,-2266.94,29.95,-0.06
762,-723.69,4.27,11.0,-772.5,90.28,0.07
766,3037.86,23.7,20.78,748.48,444.25,0.67
767,-7259.72,-90.57,-105.31,-8166.23,115.99,-0.9400000000000001
768,-42.36,25.4,27.15,41.14,93.26,1.13
776,19.81,99.41,93.71,725.05,155.6,8.11
777,56.33,61.14,64.39,-27.15,48.69,2.15
778,176.62,75.27,79.85,13.33,72.79,4.13
779,-609.81,-0.79,-21.12,-759.46,15.93,-0.03
780,-1362.45,63.73,84.85,-1517.32,18.86,2.23
782,-1222.59,8.1,-11.78,-1332.87,41.3,0.19
783,234.7,109.09,117.03,89.3,169.8,3.99
785,17198.55,34.95,2.7199999999999998,14093.66,-7.05,1.34
786,285.9,162.9,155.24,74.88,171.94,9.49
788,522.1,82.49,84.46,441.84,83.58,1.42
789,529.15,149.19,138.55,349.84,163.95,6.26
790,595.51,65.44,43.91,487.7,59.52,1.05
791,-507.09,33.28,36.32,104.64,58.3,1.4100000000000001
792,-1457.3,112.1,180.9,-1556.03,97.17,6.94
793,204.95,86.92,84.58,81.53,47.1,1.96
795,645.15,0.0,-64.55,-548.8,79.53,-0.02
796,364.16,86.28,76.37,705.06,131.4,1.49
797,240.73,76.1,69.26,130.93,152.31,2.41
798,-954.05,12.02,2.37,-1248.69,92.16,0.29
799,380.14,84.09,81.96,159.65,204.73,3.33
800,-2162.9,45.6,59.53,-2328.16,58.49,2.13
801,-103.03,51.06,58.36,403.46,-23.57,1.55
802,2851.44,45.89,28.09,881.55,353.75,1.8900000000000001
803,-1612.47,-69.21,-87.92,-1892.18,364.08,-0.58
806,162.92,-16.26,-42.98,-387.1,-57.16,-0.2
807,-2047.1,1.8399999999999999,-2.63,-2541.63,156.55,0.17
809,-1507.64,149.4,147.7,1283.8,270.82,8.8
811,-2.37,54.26,60.26,-33.04,24.9,2.42
813,-2420.47,48.57,29.86,3360.46,125.51,1.01
815,-6059.46,-229.98,-82.47,-7993.65,-3.63,-4.65
818,-304.37,22.77,19.38,-336.01,19.39,0.74
819,-202.44,67.21,93.74,-248.51,10.63,1.69
820,351.47,-81.96,392.46,1193.6,201.29,0.91
821,-1375.05,14.56,6.5600000000000005,-1693.59,137.35,0.55
822,658.04,-30.62,-53.03,414.96,-23.99,-1.2
823,115.81,66.87,68.25,41.02,66.25,2.94
825,-562.4,35.81,23.82,-692.34,-8.97,1.46
826,282.58,151.45,157.51,-17.95,349.03,7.92
828,186.53,124.41,114.94,104.77,134.06,4.7
829,-1063.52,45.25,44.88,-1175.37,104.88,0.9500000000000001
830,739.48,75.74,59.31,681.6,97.1,2.83
831,-525.98,-247.34,-277.18,-1025.54,-64.33,-1.31
833,-653.03,28.6,34.41,-592.48,-13.64,0.88
835,-1545.53,21.04,19.94,-1706.92,-110.66,0.31
836,-2023.91,3.6,60.07,-1945.23,169.01,0.14
837,-1430.96,26.36,35.14,-1377.53,17.39,0.64
838,-714.21,59.66,51.43,-937.21,36826.59,1.31
839,91.32,39.35,42.57,32.63,81.69,1.31
848,154.76,253.41,251.57,20.23,44.17,5.61
850,47.98,18.69,22.97,26.85,14.71,0.7000000000000001
851,388.07,25.76,22.3,170.46,338.42,1.0
852,-14316.96,22.02,33.08,-16378.33,-27.82,0.21
856,-1622.93,-146.84,-259.54,-2319.89,14.27,-0.86
858,227.82,206.91,204.82,42.3,159.8,15.86
859,-3836.65,-6.19,-9.77,-4221.9,-29.33,-0.17
860,154.04,68.96,72.55,21.91,87.45,5.28
861,79.72,172.94,184.26,-40.14,127.9,3.83
862,-5050.02,-23.56,-1.6099999999999999,-5017.04,118.71,-0.44
863,509.08,97.13,121.76,118.76,1168.42,2.31
868,-184.67,19.38,42.08,-302.52,112.27,0.54
869,36.04,228.55,254.67,-93.37,45.49,18.36
875,-6006.93,-10.03,-21.88,-5077.83,139.06,-0.28
876,410.04,144.56,142.15,77.89,697.63,8.24
877,138.39,92.61,113.5,-90.48,97.77,6.21
878,-5311.1,16.65,-41.78,-6101.81,123.69,0.41000000000000003
880,31.91,95.68,108.23,-87.1,96.5,3.02
881,-1163.0,32.85,41.81,-1531.29,156.26,1.37
882,265.65,22.37,30.32,-84.11,125.75,0.67
883,211.61,73.28,67.51,182.85,61.09,2.73
885,108.52,78.96,89.55,491.28,40.36,4.33
886,389.8,23.41,8.35,365.97,257.06,0.58
887,246.72,211.44,216.75,1.3,257.59,5.79
888,399.03,115.35,109.73,239.04,118.85,4.5600000000000005
889,-1346.47,57.78,49.37,-1577.19,63.08,1.76
890,-16.41,35.24,18.37,1971.08,-18.77,0.92
892,-31.39,28.51,86.45,-214.7,161.97,1.05
893,-10995.67,-94.98,-33.21,-17003.1,-54.22,-3.2
895,160.22,257.99,258.3,52.55,78.99,14.37
897,-2823.45,-59.54,-47.15,-2926.74,90.29,-0.55
898,-267.37,1.6,-4.64,-329.55,24.93,0.11
899,-375.69,76.89,78.64,-546.62,-1.46,2.52
900,67.03,110.75,117.83,-23.75,272.04,9.75
901,221.53,46.08,26.71,399.46,193.22,1.85
902,-1493.48,15.07,-12.64,-1578.04,25.74,2.77
903,185.49,43.99,43.87,115.95,143.48,2.07
905,61.15,80.11,83.98,-7.42,219.22,3.2800000000000002
906,667.77,56.97,51.45,320.16,450.4,1.7000000000000002
908,-2447.72,-19939.44,-167.5,-367242.23,33.71,0.49
909,302.6,42.64,36.24,224.09,164.29,1.18
910,174.15,95.48,85.26,122.62,25.03,4.65
911,-1743.48,-22.65,-7.64,-1830.01,10.16,-0.89
912,-5929.02,-243.96,-83.19,-9139.9,-53.09,-3.55
913,-1012.68,17.32,17.16,-1174.32,-28.49,0.6000000000000001
915,409.66,165.93,152.85,220.63,135.52,6.82
916,242.16,143.1,143.34,185.97,103.32,5.31
919,130.67,74.73,74.12,91.39,62.31,3.17
920,255.37,80.51,68.54,338.37,19.93,1.78
921,340.27,250.32,508.46,-0.77,72.09,4.82
922,-2469.49,-156.73,-201.31,-7791.6,-46.35,-1.04
923,-1448.62,0.42,-3.85,-848.57,-33.56,0.39
925,-453.51,16.99,32.46,-688.12,99.26,0.25
926,118.81,84.61,88.04,-7.04,134.73,6.87
927,-1940.25,-242.65,-52.78,-3116.98,-121.94,-1.87
928,-10728.0,-36.32,-44.46,-12346.34,-64.73,0.14
929,94.49,43.72,60.87,-19.51,-62.73,1.27
930,-3678.79,5.28,-5.89,-5130.85,33.38,0.12
931,398.85,17.34,25.94,96.67,35.84,0.21
932,-10463.18,-43.73,-86.94,-11990.57,64.18,-1.8900000000000001
933,-792.37,54.91,95.17,-912.86,78.65,1.83
935,839.69,97.75,317.04,340.58,39.2,1.42
936,640.7,65.7,68.08,300.55,7.01,1.99
937,1508.67,95.77,131.91,1262.49,32.93,6.74
938,719.98,59.56,57.08,78.94,286.76,5.29
939,716.68,58.11,83.24,-1.72,103.34,2.08
950,-3321.46,15.86,30.35,-5292.53,696.6,0.76
951,776.1,100.16,104.0,649.49,101.41,8.15
952,-10623.62,3.16,1.75,-12387.39,45.33,0.07
953,-788.81,-123.19,-103.49,-1903.34,8.33,-0.75
955,-10457.83,-18.5,-69.93,-3524.26,144.68,-0.18
957,381.41,131.64,129.79,159.94,199.34,5.21
958,-168.35,64.96,-97.38,-17.88,-7.73,1.8
959,-4579.76,7.24,3.8,-4526.37,-42.45,0.34
960,-2710.3,-6.22,-12.96,-7126.37,149.15,-0.61
961,91.37,106.91,104.81,537.97,234.6,5.64
962,-10885.15,-47.87,-12.92,-11594.23,26.66,-1.76
963,915.84,801.39,808.26,107.07,506.73,41.94
966,-14.73,77.15,99.99,-116.7,-30.66,3.22
967,941.8,56.13,49.02,575.89,169.51,2.04
968,-2519.83,-143.21,-131.52,-3103.39,-52.62,-2.64
969,-293.81,30.43,36.89,-401.16,52.11,1.2
970,348.47,127.31,129.08,165.53,135.53,4.73
971,3072.87,-155.67,-157.95,-3839.29,542.5,0.05
972,-2446.76,-312.0,-320.57,-2297.8,-84.59,-3.51
973,2872.24,76.02,55.34,2597.32,-51.62,1.73
975,2847.06,46.24,34.54,763.87,360.72,1.49
976,726.63,-91.89,-137.54,-464.5,91.44,-0.47000000000000003
977,1339.62,80.46,74.53,887.5,390.03,3.39
978,1016.33,30.54,31.79,833.71,137.13,1.13
979,-1760.77,62.4,165.61,-1939.54,224.39,1.6600000000000001
980,1381.78,33.88,26.73,234.05,1257.8,1.63
981,172.19,145.06,27.0,1493.57,100.38,4.25
982,-796.94,30.87,40.97,-1218.87,163.32,0.72
983,269.78,102.24,138.08,177.08,117.37,4.33
985,1124.78,33.79,22.28,1097.17,64.23,1.29
987,167.92,139.58,158.89,-136.52,22.73,6.63
988,425.28,75.79,70.96,329.11,154.44,2.7199999999999998
989,139.89,140.49,140.02,92.29,286.81,6.3
990,840.9,29.17,26.47,150.21,136.0,2.06
993,162.64,28.44,30.79,133.0,183.46,1.1400000000000001
995,-10460.54,-345.36,-84.46,-22269.53,151.21,-1.29
996,273.63,40.05,37.77,309.12,-9.38,0.86
997,443.23,115.65,99.45,278.53,188.77,3.19
998,366.65,121.85,113.6,168.89,120.68,3.65
999,118.13,165.77,168.47,-2.7199999999999998,110.93,9.47
2001,146.93,176.59,252.13,-13.49,74.58,12.36
2002,-413.87,49.23,-33.62,-60.16,107.34,1.99
2003,105.72,136.05,138.61,10.55,65.13,6.98
2004,238.61,108.21,115.98,-26.05,613.81,7.01
2005,-2619.53,29.34,38.15,-3121.21,67.66,1.05
2006,1117.69,62.34,37.3,739.77,167.02,1.69
2007,285.88,192.33,195.94,45.65,235.99,8.39
2008,12024.83,153.18,135.38,11308.42,228.75,5.86
2009,3606.47,60.76,69.73,3152.9,130.5,1.98
2010,217.33,106.92,114.41,4.01,275.91,3.27
2011,-12.91,63.52,74.02,-138.6,154.45,2.51
2012,444.75,78.81,82.75,351.93,81.63,1.88
2013,126.95,77.08,75.44,35.97,89.44,3.4
2014,130.76,140.49,139.19,24.01,67.57,6.22
2015,-5077.07,-46.5,3.42,-6685.61,78.63,-1.13
2016,1491.47,141.8,110.58,1167.36,338.2,3.12
2017,26.52,58.36,63.59,-39.54,40.32,1.6400000000000001
2018,379.0,35.55,53.24,-121.94,461.48,0.61
2019,-273.92,45.97,25.49,30.62,205.68,1.88
2020,775.89,63.71,48.41,502.01,161.98,2.64
2022,37.37,197.68,217.38,-83.39,130.26,4.38
2023,92.7,56.15,62.17,-79.6,90.42,1.99
2025,123.84,101.4,96.91,40.71,185.4,4.58
2027,-3458.61,174.6,107.58,1553.73,-52.36,7.82
2029,108.47,107.77,115.51,-47.06,75.77,6.4
2030,229.24,246.98,261.22,-107.22,429.84,3.62
2032,191.86,177.26,163.58,77.37,151.74,9.71
2033,129.62,100.07,103.35,613.7,101.79,4.75
2034,1234.05,53.16,30.01,1284.54,-42.92,3.73
2036,105.03,71.17,59.93,429.85,216.01,1.7000000000000002
2038,127.37,209.08,229.38,-66.31,149.78,9.76
2039,389.44,68.61,75.93,402.02,230.33,4.08
2041,3642.86,166.08,160.39,3267.09,110.51,6.26
2042,6128.56,98.97,89.09,1121.73,151.44,5.13
2044,1161.34,88.45,82.8,1127.69,200.78,1.6099999999999999
2045,-44.73,46.9,49.23,-130.16,175.83,1.63
2046,-1116.92,29.05,38.08,-1057.94,58.43,1.4
2047,-1834.77,73.1,66.57,-1546.66,92.95,1.19
2048,499.94,124.49,123.96,269.55,193.1,7.25
2050,159.28,143.23,147.71,4.33,139.13,6.37
2052,-1686.07,-66.03,-64.98,-1672.46,-82.28,-1.07
2054,153.0,114.93,128.68,17.26,110.35,4.42
2055,950.36,166.1,166.64,461.54,502.84,5.26
2058,-175.9,26.07,29.7,-197.83,3.7,0.54
2059,133.84,35.32,35.46,136.41,75.76,0.93
2061,500.42,40.47,2.18,783.3,156.77,1.73
2062,43.94,103.68,116.52,-42.15,57.15,3.6
2063,145.79,165.69,176.56,-39.85,201.35,4.46
2064,1437.11,76.79,78.06,1240.4,165.19,1.9100000000000001
2065,167.85,163.69,174.7,-71.65,207.74,6.27
2066,-5008.12,-5.22,5.52,-5918.27,202.96,0.55
2067,3033.04,44.2,14.66,2807.36,116.65,1.58
2068,3759.27,76.41,58.08,3200.71,174.6,2.2800000000000002
2069,-2022.33,-111.75,0.29,-2902.2,139.84,-0.08
2070,-1137.91,10.51,24.57,-1871.12,58.09,0.65
2072,-5309.96,-199.43,-166.2,-6174.56,13.27,-2.17
2073,-309.82,56.64,75.75,-412.12,153.62,1.8900000000000001
2074,200.21,122.59,115.77,193.77,320.87,3.93
2075,266.16,74.8,64.09,138.27,41.63,1.1400000000000001
2076,426.55,40.41,38.7,121.32,142.7,0.89
2078,374.08,116.58,102.98,200.05,133.84,4.21
2079,588.16,56.51,53.12,468.83,156.55,1.06
2080,464.9,163.96,173.2,175.1,424.68,10.8
2082,83.47,93.79,98.79,-6.06,115.93,4.06
2084,602.05,48.22,47.81,529.86,33.75,1.15
2085,437.53,156.81,143.53,305.77,100.23,5.67
2086,153.04,44.88,45.87,17.61,42.66,2.22
2087,327.13,52.2,46.48,155.22,130.88,1.82
2088,103.29,69.68,78.05,16.12,75.63,3.89
2089,-340.52,89.22,104.65,-571.33,206.35,2.39
2090,145.4,102.98,102.23,42.77,164.16,3.67
2091,141.9,151.3,160.15,-37.62,123.02,5.24
2092,6218.32,55.29,45.81,16265.02,310.29,3.5300000000000002
2094,491.53,95.85,81.11,260.1,280.27,2.69
2095,-0.8,120.94,133.82,-176.86,321.12,3.64
2096,-0.8200000000000001,116.01,130.42,-124.43,125.67,4.38
2097,149.0,44.73,43.97,110.25,192.98,1.71
2098,250.69,84.71,78.47,152.21,96.3,2.9699999999999998
2101,296.4,90.8,90.74,30.6,281.05,6.33
2102,2019.54,-15.65,-19.63,-533.06,1114.56,-0.12
2103,673.5,53.96,58.17,260.66,127.89,1.8599999999999999
2104,128.47,164.49,172.56,-13.42,157.74,2.94
2106,-4435.59,57.42,67.47,-4964.2,247.25,2.36
2107,135.44,43.0,46.69,133.24,154.97,0.73
2108,357.92,155.04,150.18,82.22,182.64,5.02
2109,381.4,31.22,43.79,448.25,-3.7199999999999998,1.06
2110,-2264.91,31.95,-10.42,-3201.48,51.55,2.66
2111,82.99,84.85,98.5,-112.1,159.45,3.29
2112,-2313.54,-3.61,30.54,-2629.26,-47.86,0.15
2114,-1594.62,-78.36,-92.03,-2404.65,97.11,-1.09
2115,71.38,51.92,63.31,-52.28,131.0,1.79
2116,166.85,167.83,165.38,45.99,103.59,5.3
2117,151.75,116.06,111.85,42.38,108.94,5.2
2118,538.96,87.61,93.39,169.06,304.78,2.62
2119,-1755.68,32.61,24.79,-1848.68,95.83,1.02
2120,394.17,145.96,123.44,470.59,98.1,4.79
2121,265.27,98.49,101.23,36.56,302.87,2.77
2122,-580.06,46.22,71.52,-670.73,-14.71,2.02
2124,370.52,120.24,136.88,102.02,130.0,2.85
2125,-143.47,-5.4,-26.74,-523.75,73.56,0.26
2126,357.28,103.46,101.7,176.66,177.38,4.86
2127,67.16,37.99,16.38,1243.37,242.37,0.48
2128,182.97,197.25,211.04,21.38,70.99,7.35
2129,428.87,22.98,28.38,214.88,352.76,0.8
2130,511.76,119.02,119.74,209.97,240.86,2.86
2131,386.7,101.28,111.42,8.67,289.43,2.9
2132,131.31,47.26,57.11,9.82,132.5,1.24
2133,250.34,92.21,96.53,191.44,208.84,2.7199999999999998
2134,-4437.11,-48.49,-49.29,-4723.75,15.79,-1.12
2135,223.68,39.83,39.26,99.72,154.02,1.38
2136,-3689.33,37.35,-15.72,-4409.78,179.97,1.02
2137,401.98,1.98,4.12,-201.13,108.63,0.37
2139,254.98,106.77,107.66,44.89,179.11,2.81
2140,-124.29,139.99,157.79,-244.65,130.53,4.57
2141,771.98,15.69,15.44,652.55,97.55,0.33
2142,224.31,169.4,166.29,23.02,227.88,13.03
2143,-311.53,169.13,141.04,612.8,113.06,2.32
2144,455.34,56.29,52.97,148.12,88.79,4.61
2145,-1609.26,-119.51,-180.67,-2477.71,244.79,-1.38
2147,-378.5,81.54,89.89,6485.48,53.59,2.76
2149,-2255.99,0.85,6.37,-2536.99,99.8,0.04
2151,140.15,56.26,70.87,-114.57,262.83,2.39
2152,108.48,182.69,200.59,-84.67,142.63,8.34
2153,128.33,179.52,195.02,-67.79,244.03,7.66
2154,-325.12,78.84,98.53,-500.63,123.88,3.29
2155,710.1,83.96,81.06,495.43,236.11,3.01
2156,250.32,41.68,43.1,130.98,215.81,1.52
2157,710.74,91.17,91.64,496.32,243.07,2.21
2159,40.29,30.69,32.91,-37.84,123.7,1.15
2160,37.84,7.41,3.08,-491.73,127.08,0.67
2162,-529.53,-35.51,-34.63,-628.55,18.31,-0.6000000000000001
2163,-1932.86,-64.35,-54.76,-2257.84,133.5,-0.65
2165,78.12,92.47,105.73,-34.42,105.36,2.16
2166,-2456.7,40.96,20.31,-3090.61,290.37,0.8200000000000001
2167,-8416.75,-3.89,6.32,-9627.56,153.91,0.51
2168,-389.63,44.72,62.31,-462.82,70.3,0.84
2170,510.43,68.1,85.94,302.63,28.76,1.3
2171,308.39,49.15,30.94,241.45,92.3,1.77
2172,-867.92,-8.65,-50.45,-1139.57,100.38,0.1
2173,-280.85,22.02,29.19,-540.86,402.63,1.07
2174,-332.27,157.66,140.66,298.91,392.62,5.05
2175,-232.61,4.95,30.47,-471.95,140.41,0.51
2176,686.34,51.94,51.94,302.99,353.73,1.34
2178,293.91,47.19,49.81,113.87,195.63,1.09
2179,235.37,133.39,126.69,59.39,199.07,6.32
2180,1261.83,134.14,101.52,4498.0,490.98,3.07
2181,-9532.93,5.96,4.66,-8377.09,-111.12,0.25
2183,206.5,87.64,90.24,9.22,369.04,2.3
2184,1186.86,37.59,45.34,1127.24,68.87,1.29
2185,251.93,92.2,91.03,49.32,263.2,2.7800000000000002
2186,71.62,114.18,116.04,-6.01,57.62,5.42
2188,-2166.95,-179.07,11.12,-4756.16,258.07,-6.47
2189,805.2,22.29,24.55,791.92,94.58,0.5700000000000001
2191,223.3,304.22,305.46,26.04,94.64,10.64
2193,861.44,24.52,29.8,722.23,33.07,1.18
2194,-506.5,13.28,60.88,-566.16,19.51,0.61
2195,738.25,107.88,106.53,94.09,388.17,4.09
2196,954.91,51.06,52.11,574.23,180.89,2.07
2197,17.27,69.26,85.32,-141.01,170.36,2.1
2198,1174.8,58.27,89.14,462.13,299.71,1.09
2199,-406.32,-41.29,-32.27,-754.1,35.14,-0.96
2200,-1001.34,-86.29,-11.5,-1427.98,131.18,-3.04
2202,545.58,144.43,156.4,363.84,196.63,6.34
2203,154.87,115.22,115.32,22.58,171.88,3.5300000000000002
2204,-133.38,57.38,72.41,-137.91,5.5600000000000005,4.45
2205,207.94,45.97,62.24,128.12,132.32,2.41
2206,182.68,90.22,91.05,46.77,141.72,4.2
2207,-1290.02,-43.66,-37.28,-1655.84,-13.14,-0.66
2208,75.77,103.85,108.16,-18.72,221.94,4.17
2209,-375.08,37.76,46.17,-463.08,77.39,1.13
2211,-24100.74,-59.56,-55.95,-32176.6,70.64,-1.56
2212,471.27,56.11,64.18,-50.51,168.49,2.4
2213,-50.03,69.91,78.83,-102.62,-0.76,1.12
2214,7.85,64.87,74.64,-110.65,45.17,2.24
2215,119.25,91.32,92.94,13.5,112.67,2.67
2216,48.69,60.7,67.18,-35.45,150.53,3.22
2218,914.66,20.1,26.96,778.79,303.73,0.58
2219,239.58,142.67,154.34,-47.01,319.04,2.16
2220,96.69,97.06,107.25,-84.03,100.4,4.02
2221,635.2,90.18,82.16,147.6,369.55,3.11
2222,378.43,74.86,66.66,321.54,151.1,1.6
2223,270.39,171.6,180.21,-47.96,253.87,5.36
2224,666.5,252.1,247.74,156.12,109.56,6.82
2226,337.78,88.53,100.4,-57.2,351.37,4.05
2227,110.73,39.24,48.82,59.44,104.72,1.83
2229,-65.52,48.62,60.0,-212.37,197.2,1.63
2230,214.21,102.61,114.46,-96.87,368.85,4.29
2231,78.56,32.33,38.07,-11.38,176.68,0.86
2232,1261.86,48.47,61.13,1085.14,51.78,1.15
2234,-385.85,-1.51,-31.66,-578.94,131.36,0.6000000000000001
2235,-4039.97,-20.45,7.28,-2290.01,69.84,-0.84
2236,1233.27,725.28,707.07,183.0,1257.15,32.76
2237,105.14,84.35,99.08,-50.73,284.78,5.49
2238,113.34,81.52,80.69,21.32,3.12,3.77
2239,2180.89,47.4,53.91,576.0,522.54,1.35
2240,-2478.7,-9.19,-11.29,-2818.77,155.27,-0.28
2241,429.25,179.4,186.01,35.68,424.16,7.51
2242,30.14,175.38,194.51,-58.97,55.71,7.18
2243,312.83,65.12,76.49,198.0,84.35,1.62
2244,152.23,154.83,170.94,-43.89,285.92,5.74
2245,355.43,142.96,142.11,70.24,230.57,3.03
2246,120.09,44.89,45.46,128.82,181.41,1.43
2247,536.65,92.49,90.92,32.31,333.22,4.55
2248,-5950.36,-43.52,-34.72,-6269.28,-95.34,-0.9500000000000001
2249,137.01,93.27,108.68,-113.05,198.04,3.38
2250,178.24,147.26,160.5,-97.3,158.71,6.15
2251,27.55,90.83,106.62,-137.3,130.61,5.4
2252,451.68,155.4,171.16,-77.29,275.7,4.49
2253,243.42,59.53,67.08,73.66,95.37,3.37
2254,144.75,60.34,69.75,93.91,17.4,3.01
2255,61.51,75.25,93.44,-125.29,58.45,4.68
2256,805.44,67.82,75.59,510.43,85.77,1.17
2258,255.19,118.12,113.87,57.67,293.74,5.54
2259,497.97,20.55,26.06,294.4,139.2,0.36
2260,-57.1,12.48,20.07,-15.93,4.41,0.31
2261,208.56,76.82,99.19,-108.99,160.05,2.98
2262,291.88,194.76,193.08,18.59,151.12,4.73
2263,-1497.49,-11.82,21.0,-1649.43,-5.03,0.07
2264,-1369.05,2.86,26.27,-1568.63,129.9,0.56
2265,-580.73,-6.7,-0.05,-754.95,103.3,-0.11
2266,-6.26,70.21,94.66,-160.83,55.01,2.93
2267,48.56,116.95,133.73,-98.0,164.32,4.79
2268,255.09,93.94,104.72,76.76,230.44,3.22
2269,-1289.66,92.8,145.0,-1585.96,53.41,3.66
2270,-6.0,92.5,97.64,766.87,159.09,2.89
2271,430.47,177.2,173.99,70.8,344.87,8.58
2272,-902.47,25.88,48.37,-947.46,78.81,1.28
2273,254.1,122.87,137.34,-32.63,298.26,5.14
2274,-272.93,-7.53,5.85,-163.98,74.69,-0.45
2275,51.31,138.38,146.74,-18.33,39.27,5.18
2276,23.02,65.49,75.96,-108.29,146.79,1.82
2277,90.7,100.8,111.41,-85.14,108.64,4.73
2278,-1210.4,20.96,32.68,-1175.41,38.12,1.02
2279,390.82,72.51,72.19,152.45,368.19,3.36
2280,-464.27,104.69,119.54,-732.71,1236.92,2.3
2281,101.63,84.24,95.52,-45.62,134.26,7.06
2282,450.44,32.3,39.72,344.86,67.63,1.1400000000000001
2283,224.54,51.84,55.31,73.26,185.82,2.59
2284,34.36,67.72,81.05,-103.81,122.41,2.7800000000000002
2285,244.42,149.93,157.47,-2.91,287.89,4.75
2286,77.09,36.82,43.72,-30.07,127.32,2.1
2287,65.81,126.92,131.25,-16.37,93.26,4.53
2288,28.69,19.89,28.96,0.62,262.43,0.59
2289,-5455.87,-157.8,-120.73,-3384.53,98.75,-9.09
2290,-528.79,16.22,34.13,-630.92,95.87,0.99
2291,-1924.12,2.8,40.28,-2157.36,62.2,0.2
2292,113.93,99.04,117.85,-102.33,213.53,3.18
2293,143.86,140.84,150.72,-28.26,167.8,11.34
2294,227.45,213.95,220.87,-8.81,180.73,10.94
2295,-1138.04,11.73,19.97,-1264.54,163.25,0.67
2296,27.74,48.34,78.18,-184.64,145.84,2.14
2297,-3849.17,-7.36,4.61,-3975.99,139.76,-0.17
2298,510.39,54.81,65.73,96.18,175.61,1.83
2299,-8691.81,37.67,56.43,-8905.96,216.47,1.56
2300,5.6,94.93,110.08,-79.02,119.95,3.13
2301,385.32,40.21,50.94,248.67,181.38,1.6099999999999999
2302,-25.84,75.09,89.18,-112.97,191.09,4.15
2303,136.67,69.38,86.12,-45.72,156.01,3.38
2304,224.06,266.25,296.48,-57.85,210.17,35.72
2305,112.12,99.49,118.64,-68.81,237.85,2.32
2306,-620.95,-0.09,-1.4100000000000001,-885.04,12.6,0.26
2307,184.35,30.34,45.64,-127.04,163.13,0.88
2308,98.13,85.44,115.87,-67.83,89.31,2.47
2309,341.16,56.94,78.9,124.05,306.78,4.35
2310,513.82,170.6,178.29,28.44,456.71,11.02
2311,259.6,118.23,124.36,32.84,212.19,4.59
2312,-3274.66,15.57,28.59,-1622.11,137.37,0.75
2313,-0.07,48.14,69.48,-166.42,171.64,3.9
2314,-1000.14,1.8399999999999999,7.3,-1562.91,32.28,0.5
2315,-7.67,63.41,87.09,-158.62,176.37,8.78
2316,-2221.02,-2.2800000000000002,13.7,-2269.5,222.18,-0.04
2317,162.32,100.09,137.28,-53.81,138.32,5.57
2318,73.75,62.57,81.26,-42.13,58.95,3.21
2319,869.15,21.26,44.24,964.87,62.51,0.89
2320,112.11,57.67,88.88,-96.23,76.55,3.36
2322,211.16,64.13,94.93,-14.69,278.37,5.13
2323,104.75,152.45,149.49,3810.25,229.83,3.21
2324,98.37,96.11,126.48,-62.29,228.52,5.75
2325,135.89,85.26,113.38,-103.02,110.43,3.08
2326,393.77,58.45,77.98,172.42,206.97,2.14
2327,205.06,135.43,150.97,-16.16,133.69,7.59
2328,29.48,30.53,53.06,-60.9,143.81,1.72
2329,235.21,55.11,77.53,-73.35,242.28,2.13
2330,-157.6,19.72,36.26,-220.95,48.15,0.77
2331,97.29,53.8,82.0,-99.53,148.37,2.43
2332,146.87,67.49,81.14,-31.6,86.25,2.05
2333,83.95,51.53,89.42,-2.11,11.9,2.51
2334,262.15,76.2,114.55,89.84,225.45,3.62
2335,250.17,91.44,114.02,-20.79,193.18,6.29
2336,-7449.37,-51.98,0.97,-8103.89,5.82,-2.96
2337,-17.84,13.84,53.38,-99.86,33.18,1.4100000000000001
2338,14.86,64.16,82.86,-96.55,79.16,3.83
2339,83.39,66.62,82.07,-84.05,193.26,3.42
2340,331.73,53.34,67.24,-1.01,449.74,2.26
2341,287.26,50.04,69.08,-101.97,237.75,2.23
2342,-359.61,28.38,52.41,-434.71,2.92,0.85
2343,109.43,103.9,106.75,287.66,219.47,5.23
2344,252.64,145.02,160.64,-74.44,178.36,6.1
2345,152.14,75.7,94.83,-45.93,198.9,3.73
2346,1065.91,42.74,54.86,2067.28,-31.07,2.02
2347,-907.17,17.75,58.53,-1062.96,35.85,1.55
2348,-3.76,42.52,72.34,-103.71,92.87,1.57
2349,274.76,67.99,84.85,-37.69,204.84,2.83
2350,63.31,53.61,73.65,-23.52,164.5,2.79
2351,14.76,47.76,80.17,-77.03,32.99,2.62
2352,288.76,69.5,81.36,458.28,105.53,4.69
2353,85.64,102.9,172.18,-194.02,208.53,9.02
2354,267.2,128.96,132.23,2153.22,380.55,6.91
2355,44.33,36.53,57.74,-97.25,74.51,1.8
2356,208.1,37.95,52.69,54.21,268.02,2.91
2357,110.47,96.74,113.76,-35.4,59.91,3.54
2358,271.25,106.77,125.21,-41.13,268.43,4.65
2359,-2900.57,8.22,31.06,-3272.38,221.9,0.55
2360,86.05,76.83,78.2,8.56,113.21,2.69
2361,167.42,68.44,69.62,-0.84,137.04,1.78
2362,-2044.63,-56.95,-54.45,-2268.28,-22.48,-2.91
2363,31.87,29.33,33.13,-68.14,66.4,1.79
2364,102.16,70.81,75.25,-24.8,123.49,2.67
2365,350.71,35.69,30.8,288.07,133.35,2.19
2366,2158.62,92.13,60.27,1294.57,274.51,3.29
2367,128.35,109.09,112.08,0.2,125.87,4.03
2368,140.42,82.02,81.51,19.52,107.77,4.51
2369,-95.14,30.62,41.88,-210.88,154.66,1.32
2370,830.93,35.78,34.04,621.82,125.9,1.53
2371,70.18,42.67,49.41,-26.35,85.84,3.46
2372,178.96,139.27,125.1,76.08,125.69,6.2
2373,-680.61,46.89,40.62,-658.15,44.08,0.12
2374,400.92,33.98,38.32,70.84,194.19,1.65
2375,92.19,96.65,105.76,-58.47,97.38,5.59
2376,146.21,92.38,93.14,28.01,151.14,3.19
2377,712.64,23.93,28.32,209.22,338.09,0.62
2378,-271.54,38.99,51.22,-258.11,49.94,1.29
2379,-4469.06,-24.39,-22.38,-5022.78,78.86,-0.21
2380,101.41,33.09,35.33,-5.91,106.55,3.07
2381,284.2,69.9,65.99,200.67,59.7,3.43
2382,264.49,64.38,55.11,189.69,114.13,2.39
2383,447.44,17.38,15.16,263.69,236.64,1.38
2384,437.71,17.07,15.91,123.82,373.48,0.88
2385,170.37,99.34,99.7,10.35,155.57,3.87
2386,377.53,9.44,10.12,367.63,130.13,0.68
2387,-5366.88,-41.4,-34.39,-6980.02,-171.21,-0.58
2388,508.82,20.47,19.41,268.82,61.16,0.49
2389,345.38,43.79,42.33,207.0,373.72,1.9500000000000002
2390,361.11,37.37,37.7,36.07,507.87,1.58
2391,99.35,60.76,62.46,6.37,122.04,4.77
2392,382.89,35.62,38.48,292.67,132.67,1.3
2393,-29.46,46.78,53.9,-50.11,-49.91,7.45
2394,74.81,86.85,85.72,26.16,63.02,7.92
2395,49.39,20.66,27.06,12.61,105.48,1.32
2396,140.26,85.78,84.28,18.86,151.93,4.45
2397,14.77,58.73,67.25,-50.52,96.81,2.7
2398,182.57,81.35,79.64,46.72,157.33,5.18
2399,-117.84,37.5,57.88,-140.48,-15.54,3.5300000000000002
2400,140.15,110.17,123.26,-29.97,148.17,4.1
2401,77.46,55.82,57.43,-16.87,30.23,1.6600000000000001
2402,204.68,51.7,44.42,124.49,173.75,1.71
2403,162.62,35.48,33.37,92.05,44.75,2.16
2404,61.72,49.56,50.46,13.93,57.29,1.97
2405,59.49,44.08,56.01,-92.91,123.25,1.72
2406,77.89,57.49,61.11,14.5,70.84,3.22
2407,1787.09,42.99,38.45,1271.44,181.65,1.98
2408,163.88,74.39,86.15,28.0,373.54,3.81
2409,-29.91,39.04,46.09,-94.93,34.36,2.83
2410,186.95,114.96,114.18,60.58,199.82,4.5
2411,87.1,71.86,69.83,552.19,158.35,2.56
2412,73.59,61.0,62.66,7.12,96.51,3.09
2413,258.96,33.33,40.89,45.96,2.63,1.6600000000000001
2414,-67.74,19.07,28.08,-129.13,122.29,1.07
2415,259.76,223.67,216.06,28.5,296.5,8.2
2416,599.89,35.26,50.66,541.69,212.92,1.5899999999999999
2417,-901.2,-78.74,-70.98,-1104.85,-87.87,-1.46
2418,139.35,34.05,35.24,-68.82,118.93,1.12
2419,117.78,105.39,114.32,17.16,64.88,5.95
2420,-2783.5,-25.82,19.47,-3207.52,129.03,-0.87
2421,287.28,72.06,69.68,40.68,224.21,2.3
2422,67.56,130.34,145.66,-123.72,232.58,18.6
2424,133.71,100.93,98.08,24.65,120.98,3.14
2425,1137.42,30.16,34.28,733.78,75.18,1.3599999999999999
2426,206.68,45.82,54.55,-30.32,334.55,1.28
2427,549.59,44.44,39.53,401.29,297.32,2.19
2428,-158.24,29.47,38.29,-226.43,180.21,1.21
2429,94.93,88.06,100.99,-68.93,147.6,2.94
2430,-121.68,50.78,63.53,-215.86,90.92,1.8599999999999999
2431,272.71,66.0,76.96,129.48,183.08,3.2
2432,-2811.6,-28.39,-12.07,-2704.36,79.38,-0.63
2433,190.6,44.3,47.67,-9.1,293.13,3.36
2434,210.43,59.84,62.43,21.56,229.51,2.7800000000000002
2435,387.69,41.19,43.36,-18.78,169.51,2.55
2436,35.53,55.6,62.89,-53.37,159.14,2.85
2437,150.69,86.63,91.83,38.04,208.67,3.85
2438,189.15,38.08,43.93,25.63,107.09,1.83
2439,250.19,77.83,71.28,80.26,215.44,2.79
2440,202.06,101.18,103.92,80.75,114.68,7.8100000000000005
2441,45.8,58.23,66.13,-64.57,65.41,4.37
2442,-358.48,29.11,28.0,-461.78,111.17,0.81
2443,174.76,39.31,40.27,91.87,54.26,1.73
2444,87.23,80.15,89.22,-48.5,87.64,3.56
2445,270.05,45.79,48.1,3.79,184.62,1.73
2446,967.81,29.56,37.07,554.41,125.48,1.34
2447,185.11,92.89,97.89,-28.4,122.0,3.22
2448,107.51,76.64,83.83,-39.15,65.95,5.43
2449,247.23,44.65,45.99,161.48,160.57,2.75
2450,521.06,133.7,132.01,29.77,436.56,5.18
2451,630.8,21.11,19.74,620.0,41.03,0.39
2452,159.3,91.02,97.24,5.74,385.34,4.68
2453,-1270.2,2.89,18.23,-1551.28,86.32,0.7000000000000001
2455,71.49,51.79,55.31,6.34,52.35,1.7000000000000002
2456,1518.37,94.82,94.57,1076.31,628.33,5.2
2457,-119.94,28.28,40.0,-170.77,65.9,1.54
2458,-3782.89,-33.41,-49.87,-5227.58,300.5,1.19
2459,-5551.57,-104.05,-91.07,-5611.71,-67.92,-3.93
2460,611.06,108.04,73.12,269.2,320.14,4.49
2461,121.28,14.64,15.2,21.81,22.6,0.76
2462,255.68,93.49,86.24,121.73,308.9,6.0
2463,2303.17,34.55,44.5,2229.99,46.92,0.96
2464,104.92,38.51,41.26,-141.7,53.78,2.41
2465,46.93,50.79,58.76,-57.48,157.57,3.08
2466,400.18,81.3,53.65,132.18,253.61,4.63
2467,-459.15,37.71,49.22,-374.57,151.12,2.22
2468,-76.59,118.72,112.61,16506.7,84.98,2.36
2469,403.15,66.58,77.49,283.66,233.36,2.61
2470,106.5,102.98,114.45,-74.18,145.99,4.84
2471,141.14,49.55,61.76,-65.96,240.07,1.42
2472,111.82,56.11,70.73,-46.14,134.69,2.95
2473,-1503.59,-20.4,-8.75,-824.28,-31.66,-0.39
2474,2.9699999999999998,31.54,46.88,-108.67,99.22,2.11
2475,363.6,120.38,136.51,-53.09,421.4,5.12
2476,-157.14,27.19,42.48,-224.75,5.51,0.75
2477,193.49,60.42,77.12,-79.73,291.7,2.46
2478,1.6800000000000002,51.86,61.34,-74.84,43.65,3.23
2479,123.08,66.79,72.88,-3.17,189.22,2.4
2480,-1384.91,0.44,16.9,-1297.97,78.77,0.17
2481,39.11,56.9,72.9,-154.56,206.54,1.85
2482,163.51,75.27,88.75,-19.86,127.05,4.87
2483,-461.1,5.33,28.45,-539.77,64.16,0.21
2484,93.03,56.21,64.33,-63.37,82.58,3.08
2485,266.84,22.13,37.49,179.51,-15.85,1.71
2486,-171.68,18.5,28.62,-270.03,32.96,0.73
2487,-7.74,23.78,39.36,-61.27,123.93,1.22
2488,-265.2,21.69,38.41,-408.43,186.81,1.22
2489,38.99,53.65,73.6,-39.36,68.11,3.04
2490,-1591.27,-31.54,-15.91,-1736.5,49.57,-0.65
2491,150.95,85.68,94.93,32.24,117.68,3.66
2492,49.63,39.16,48.74,-57.65,34.77,2.03
2493,312.59,62.7,103.73,-0.63,186.32,3.03
2494,-512.61,29.86,44.38,-516.89,39.71,2.42
2495,-83.41,25.32,40.22,-157.24,7.59,0.84
2496,232.56,52.98,61.4,102.26,272.13,3.24
2497,77.31,65.26,88.73,-46.9,133.65,2.47
2498,2.38,54.97,77.9,-59.84,47.82,1.7000000000000002
2499,132.97,26.62,44.37,44.53,175.53,1.44
2500,189.16,43.04,52.87,97.93,187.02,1.3599999999999999
2501,205.39,83.75,105.0,-87.53,118.68,4.9
2502,396.28,44.87,54.15,23.75,52.6,2.32
2503,307.06,76.57,93.34,1.21,563.92,3.55
2504,-499.07,83.75,110.13,1047.63,24.6,1.6099999999999999
2505,232.09,6.8100000000000005,22.23,2313.05,831.83,0.29
2506,-1561.29,11.24,30.35,-1978.08,201.78,-1.9500000000000002
2507,250.39,104.83,98.0,61.17,115.03,4.46
2508,286.33,169.92,164.08,49.57,198.19,10.03
2509,505.67,76.39,85.4,39.06,397.31,2.5300000000000002
2510,36.59,56.15,69.68,-95.25,96.36,2.7199999999999998
2511,262.43,45.65,51.27,159.38,105.96,2.99
2512,150.43,49.0,64.28,-58.42,357.03,1.48
2513,-256.82,10.79,31.61,-432.97,87.35,0.93
2514,-270.15,8.79,33.42,-482.89,78.91,0.97
2515,372.31,26.12,39.27,212.58,133.13,1.27
2516,138.43,68.32,79.42,-31.53,120.39,3.14
2517,-188.19,167.68,148.13,-500.21,248.88,3.84
2518,179.2,82.18,95.41,26.69,163.92,4.39
2519,138.06,64.23,77.14,-61.29,76.29,3.39
2520,494.42,43.14,65.34,297.83,208.33,2.04
2521,77.66,48.99,76.45,-14.89,107.99,3.38
2522,22.57,46.98,80.33,-128.9,51.62,2.05
2523,483.96,30.81,51.66,346.96,103.71,1.0
2524,-5695.07,2.19,17.48,-5332.27,42.91,0.12
2526,-9786.0,2.06,23.55,-11006.97,28.3,0.34
2527,69.8,63.26,80.82,-110.07,229.51,3.06
2528,-299.31,-2.5300000000000002,30.4,-277.31,256.63,0.25
2529,-1506.34,4.22,22.53,-1220.28,-9.46,0.27
2530,446.1,44.38,56.87,-78.95,158.63,1.5899999999999999
2531,208.38,73.7,91.44,-3.81,228.02,3.08
2532,102.41,67.82,100.11,-40.03,108.61,2.93
2533,15.9,47.86,62.99,-82.39,80.3,2.15
2534,-55.93,47.65,65.82,-150.0,182.35,2.34
2535,423.36,24.95,49.08,-509.2,74.23,0.89
2536,214.51,37.22,57.8,72.37,114.81,3.34
2537,349.34,37.16,69.79,-4.58,86.93,3.0
2538,127.83,65.44,89.63,-98.43,79.64,3.61
2539,15.16,42.15,64.95,-125.76,154.2,2.18
2540,115.03,55.88,72.19,-13.27,121.6,2.7800000000000002
2541,47.79,51.15,91.32,-135.71,85.88,5.1
2542,215.73,64.43,101.46,-76.34,339.41,1.96
2543,88.6,79.63,104.65,-45.68,114.86,6.0
2544,79.61,62.65,72.16,-39.2,130.87,2.18
2545,125.52,36.59,77.32,-103.9,41.9,3.06
2546,59.26,74.59,108.25,-143.3,84.93,4.18
2547,-181.39,10.49,29.39,-238.32,190.75,0.18
2548,84.52,54.54,81.83,-86.82,107.81,2.45
2549,77.61,31.55,52.08,-77.85,194.62,1.2
2550,28.6,71.29,110.87,-100.6,8.7,4.68
2551,158.09,49.78,58.6,22.09,245.78,2.07
2552,-4007.52,-19.33,4.72,-4560.79,17.77,0.02
2553,86.72,66.77,81.09,-30.78,63.05,2.46
2554,53.07,55.35,78.87,-125.69,210.82,1.8900000000000001
2555,2185.41,78.63,56.7,990.03,816.31,2.23
2556,36.93,40.45,65.15,-39.45,113.61,1.76
2557,49.61,67.1,67.0,3.64,28.26,4.51
2558,107.56,49.46,60.04,97.37,110.36,2.48
2559,16.82,39.85,43.72,-30.63,59.95,2.18
2560,-29.67,27.0,33.63,-88.01,76.74,2.11
2561,-6.69,81.05,86.62,-38.32,-3.68,3.55
2562,388.4,39.94,26.59,251.25,105.8,1.47
2563,10.87,76.44,85.28,-29.14,47.6,5.57
2564,-1114.35,20.61,38.28,-2071.07,796.91,1.24
2565,291.83,39.41,45.95,251.24,68.49,1.58
2566,576.88,44.44,53.92,492.8,143.74,2.76
2568,225.35,68.33,67.05,480.86,113.12,1.72
2569,-2444.83,-13.82,4.23,-2642.23,-66.5,-0.37
2570,-870.51,-29.06,33.98,-1041.24,-42.92,0.71
2571,-595.77,12.45,16.98,-679.35,42.51,0.6000000000000001
2572,230.84,132.59,125.91,46.23,231.88,6.65
2573,246.03,84.48,74.73,136.06,299.95,2.99
2574,83.35,18.6,28.01,60.95,-27.89,1.4100000000000001
2575,-242.78,11.25,18.88,-268.28,-203.29,0.5
2576,-287.06,3.51,11.94,-295.58,25.52,0.18
2577,-771.62,-7.07,1.3,-861.22,-3.0,-0.2
2578,24.32,19.43,25.27,-71.87,66.88,0.84
2579,268.65,28.74,33.59,196.83,109.89,0.64
2580,40.21,22.08,28.25,-47.23,65.27,1.32
2581,94.53,89.2,89.36,29.25,104.34,3.79
2582,1324.34,24.85,35.57,821.96,219.68,2.13
2583,664.97,40.78,47.87,523.73,176.9,1.22
2584,29.78,35.93,41.72,-44.94,107.44,1.7000000000000002
2585,-95.15,14.0,30.62,-159.79,47.25,1.15
2586,171.27,44.08,51.71,-51.1,86.48,1.48
2587,374.87,60.36,58.39,224.51,218.88,1.72
2588,40.43,85.58,96.84,-68.67,19.63,7.01
2589,677.72,143.14,145.92,20.6,477.6,11.22
2590,300.99,44.78,47.26,178.12,85.71,1.51
2591,-1454.42,2.83,12.05,-1323.24,40.62,0.36
2592,59.15,59.69,79.61,-114.13,50.13,3.31
2593,23.83,20.67,28.01,-59.78,52.95,0.93
2595,137.3,109.85,107.95,40.13,172.69,6.38
2596,140.87,29.46,31.61,112.27,133.83,1.42
2597,265.97,97.54,79.4,146.18,72.41,4.91
2598,-23.86,58.58,72.21,-69.49,19.18,1.3599999999999999
2599,220.7,26.27,29.32,33.67,126.95,1.18
2600,1958.43,37.48,19.12,1132.35,413.22,1.09
2601,871.17,45.8,59.25,268.76,242.65,3.68
2602,284.56,59.09,58.48,68.3,156.59,2.92
2603,66.37,47.36,59.6,-12.0,87.75,2.73
2604,98.86,21.67,23.84,42.45,-29.0,1.28
2605,17.81,63.6,74.03,-91.07,3.19,2.68
2606,96.33,36.59,43.11,39.95,27.8,1.27
2607,201.94,17.89,34.12,-71.5,68.35,0.73
2608,-1879.2,-146.78,13.78,-3400.09,20.48,-4.15
2609,184.08,74.37,77.34,-1.0,98.63,2.09
2610,997.15,11.71,34.88,641.98,107.69,0.35000000000000003
2611,458.77,48.9,62.16,-42.34,460.51,1.67
2612,59.83,43.43,58.53,-23.32,130.83,4.19
2613,-442.06,7.66,23.51,-473.8,34.77,0.30000000000000004
2614,340.44,44.37,48.08,283.92,92.87,2.35
2615,210.22,65.89,71.38,113.83,125.93,2.77
2616,166.53,42.72,49.77,36.1,58.82,2.19
2617,396.19,29.19,27.97,248.49,68.05,1.04
2618,-16.88,24.46,35.53,-145.74,48.53,1.6600000000000001
2619,2200.97,32.45,38.52,354.58,122.95,1.62
2620,89.8,41.68,53.52,-70.75,92.29,3.37
2621,-34.47,23.94,47.87,-90.23,66.81,1.32
2622,320.07,27.1,40.4,267.63,-35.07,1.27
2623,-364.52,10.72,38.9,-405.06,113.3,1.3900000000000001
2624,805.56,115.41,117.0,580.92,83.37,3.58
2625,85.69,45.53,64.19,-105.48,62.07,1.22
2626,250.18,75.05,79.6,108.6,148.28,3.29
2627,56.23,43.4,59.66,-42.89,78.56,3.01
2628,-5.33,42.33,74.81,-131.37,70.55,1.6
2629,-2017.23,6.5,27.47,-2204.48,929.92,0.74
2630,71.86,39.96,45.26,-41.75,87.17,2.63
2631,19.83,48.97,66.07,-54.49,101.66,2.05
2632,175.01,24.73,40.08,60.13,83.73,1.15
2633,-612.74,-11.12,2.32,-639.22,-18.98,-0.39
2634,13.86,39.49,55.31,-67.2,26.57,1.44
2635,220.22,87.27,110.67,-46.67,251.84,5.48
2636,581.79,62.04,48.92,428.82,64.61,1.7000000000000002
2637,1380.47,30.38,53.04,1097.61,153.65,1.65
2638,-2077.05,-6.02,5.12,-2072.73,108.86,0.28
2639,-51.26,9.27,33.14,-203.98,132.21,0.64
2640,570.54,55.88,76.01,56.79,630.48,1.9500000000000002
2641,48.33,67.0,86.66,-108.67,68.38,3.27
2642,-44.92,40.6,76.25,-285.5,110.18,1.85
2643,193.8,57.35,82.63,-50.76,128.1,3.71
2644,96.14,28.31,32.09,-26.86,75.5,1.24
2645,614.4,24.24,47.73,229.35,199.78,1.57
2646,-125.92,67.67,109.43,-254.93,54.32,2.98
2647,909.23,-4.36,37.58,792.54,-91.0,0.37
2648,-1173.42,43.72,100.63,-1445.72,110.12,3.23
2649,157.15,63.13,73.78,-5.36,138.39,4.74
2650,4.5,51.75,80.87,-97.22,12.05,2.31
2651,-85.01,64.54,117.66,-128.44,-68.68,2.5300000000000002
2652,152.28,104.18,129.44,4.44,130.2,2.8
2654,166.09,43.57,62.6,-97.89,277.22,1.54
2655,-1113.63,-10.59,44.42,-1317.38,61.84,0.12
2656,-2898.26,0.52,12.96,-2574.13,42.96,0.38
2657,-88.59,26.03,46.04,-266.86,117.11,1.49
2658,99.32,69.6,69.11,17.29,124.88,2.32
2659,-3534.81,-13.97,-6.97,-1771.23,38.3,-0.35000000000000003
2660,513.47,-0.62,6.51,469.68,128.62,0.04
2661,56.49,47.64,57.09,-63.47,89.83,3.85
2662,16.33,58.25,69.65,-60.18,143.46,2.93
2663,4.71,42.34,55.18,-82.12,81.64,1.52
2664,79.57,56.6,55.07,12.61,84.72,3.16
2665,-40.66,35.63,46.84,-129.58,24.31,1.76
2666,10.99,39.52,46.15,-67.97,95.17,1.63
2667,-391.59,15.66,24.85,-422.81,14.5,1.6
2668,94.24,73.97,79.49,-31.85,78.71,6.47
2669,85.03,48.61,53.15,-8.02,106.41,1.9100000000000001
2670,1789.82,38.43,44.02,33.48,-56.79,2.23
2671,99.35,33.17,44.82,-46.42,113.02,1.26
2672,80.26,64.36,66.2,8.01,78.1,3.22
2673,392.69,53.14,51.1,188.88,257.98,2.13
2674,246.81,25.86,37.74,129.78,37.53,1.67
2675,125.59,44.88,52.11,-47.35,164.26,2.49
2676,976.1,7.38,20.61,943.56,41.6,0.59
2677,144.01,86.37,74.56,72.11,121.11,2.42
2678,-4.58,41.69,48.61,-61.13,31.71,0.84
2679,49.72,30.34,36.23,0.53,22.03,1.54
2680,10.95,60.15,58.93,1021.36,16.79,2.62
2681,232.02,67.49,66.69,11.76,170.75,2.48
2682,257.34,23.48,30.03,69.32,133.26,1.29
2683,180.07,36.73,41.58,26.86,116.17,1.98
2684,2984.35,0.85,16.61,1380.22,403.12,0.01
2685,404.48,13.53,15.79,215.46,401.24,0.36
2686,70.97,58.64,65.02,-40.98,100.01,1.79
2687,-9.34,35.43,43.93,-41.17,22.51,1.24
2688,44.77,50.48,59.36,-39.68,75.49,2.09
2689,-79.77,42.46,54.64,-132.62,-17.92,0.99
2690,84.15,80.7,83.91,-9.04,81.78,2.9699999999999998
2691,-142.33,14.94,27.66,-168.14,27.49,0.61
2692,-42.63,40.03,53.82,-102.66,17.07,1.32
2693,-762.56,-31.51,-17.35,-980.64,99.28,-0.22
2694,145.92,29.53,35.43,104.45,38.58,1.0
2695,72.31,34.0,39.31,-9.74,54.7,2.7199999999999998
2696,58.6,26.34,34.5,-29.01,67.63,1.9
2697,-0.99,41.54,51.42,-64.56,61.14,0.96
2698,-33.9,101.52,129.1,-177.84,27.32,3.2
2700,27.03,59.64,75.12,-83.09,50.48,1.78
2701,83.22,105.46,117.88,-45.83,79.91,5.15
2702,-584.69,-0.35000000000000003,19.73,-615.35,29.05,0.22
2703,-50.01,22.73,31.33,-119.87,83.76,0.75
2705,90.57,51.98,55.5,-5.31,52.31,2.39
2706,107.75,53.87,64.8,-44.56,82.98,3.36
2707,119.36,61.7,85.04,-88.9,178.57,2.9
2708,-28.66,16.96,27.41,-145.19,130.4,0.6000000000000001
2709,312.44,62.31,63.01,110.42,158.65,3.49
2711,55.95,51.08,58.7,-22.52,384.25,1.8900000000000001
2712,132.45,40.49,48.11,-35.01,110.03,3.14
2713,96.31,63.2,70.53,10.7,91.47,2.9
2714,860.93,109.76,108.68,485.4,208.51,5.93
2715,-229.81,-3.48,7.03,-325.05,17.3,0.04
2716,71.91,28.38,36.17,-32.88,133.33,1.51
2717,194.09,50.25,50.48,12.83,195.63,2.42
2718,43.9,71.12,94.91,-91.96,86.29,6.46
2719,-49.84,18.26,36.14,-156.49,55.7,1.55
2721,106.73,31.77,43.6,-70.96,194.21,1.19
2723,-62.72,15.91,26.98,-114.04,61.74,0.76
2724,41.25,20.43,26.74,16.04,6.63,0.7000000000000001
2725,-132.82,24.71,46.89,-182.3,-2.09,1.69
2726,94.92,32.01,30.43,43.27,68.63,1.05
2727,61.47,60.55,66.01,-30.86,80.02,3.74
2728,76.47,47.88,48.85,4.48,110.37,2.19
2729,-36.29,18.82,28.54,-77.11,-1.17,1.11
2730,18.45,17.79,20.78,-20.59,40.07,0.66
2731,-34.77,16.38,26.31,-67.69,-11.53,1.21
2732,45.78,39.3,46.07,-31.73,27.89,2.05
2733,-44.4,20.75,33.2,-130.14,32.05,0.9
2734,128.51,29.62,31.56,-9.69,71.81,2.19
2735,26.06,21.38,25.16,-17.82,25.59,1.27
2736,116.15,52.74,64.49,-11.34,84.39,2.7800000000000002
2737,40.58,40.01,59.46,-44.82,37.06,3.54
2738,20.82,25.88,28.4,-22.91,66.53,0.97
2739,74.2,53.99,71.09,-63.53,107.97,3.52
2740,-32.7,17.65,31.14,-107.47,91.58,1.06
2741,55.61,18.28,17.1,14.52,45.93,0.43
2742,70.25,33.8,36.43,-3.7800000000000002,44.01,1.85
2743,82.07,12.32,16.31,-60.32,58.91,0.66
2745,85.38,34.68,57.27,-58.69,87.19,2.81
2746,929.94,23.48,20.99,615.44,22.61,2.05
2747,86.09,26.43,36.46,-81.79,93.48,0.8300000000000001
2748,227.34,24.2,14.95,168.06,34.45,1.07
2749,37.13,38.34,35.26,21.46,21.56,4.33
2750,-16.87,31.83,49.07,-89.59,56.21,0.64
2751,152.47,13.72,14.15,130.96,33.59,0.45
2752,-10.74,17.76,23.1,-40.71,1.01,0.4
2753,250.0,30.58,16.28,164.65,107.79,1.6099999999999999
2755,62.58,3.04,5.25,55.04,69.29,0.16
2756,53.11,19.5,17.93,19.29,21.58,1.6800000000000002
2757,95.36,22.08,17.86,47.42,63.64,1.6
2758,-9.72,14.96,19.0,-34.18,11.95,0.49
2759,-41.92,10.43,23.3,-121.03,92.13,0.35000000000000003
2760,-996.45,-14.38,7.77,-1073.42,-6.67,-0.85
2761,-34.63,6.86,10.5,-48.37,13.95,0.37
2762,31.67,18.39,19.7,-7.46,17.6,0.81
2763,32.04,25.02,26.78,-8.94,12.81,1.42
2765,71.35,23.72,21.91,22.98,52.85,0.92
2766,103.09,16.44,16.08,5.59,75.18,0.77
2767,-12.62,13.81,18.89,-44.99,6.38,0.61
2768,136.34,39.27,30.99,52.61,130.6,1.4
2769,-52.57,22.93,41.69,-96.57,46.56,0.6900000000000001
2770,34.13,15.76,19.31,-31.37,71.74,0.28
2771,15.34,23.47,27.2,-26.43,15.13,1.29
2772,28.34,16.73,25.64,-72.06,48.46,0.88
2773,55.82,38.75,37.75,5.67,32.15,1.7000000000000002
2775,118.96,29.95,23.5,55.13,114.15,1.55
2776,6.8,15.93,27.81,-83.43,36.45,1.09
2777,52.54,36.43,43.36,-24.8,48.16,1.54
2778,-13.65,10.83,15.01,-50.45,-0.26,0.72
2779,-60.5,9.68,19.93,-93.52,-3.56,0.45
2780,-121.65,6.07,23.88,-170.41,7.31,0.39
2781,20.99,15.67,20.91,-23.43,17.53,1.1400000000000001
2782,0.49,14.4,19.78,-45.77,22.91,0.27
2783,17.19,16.77,21.99,-37.7,49.58,1.85
2785,-118.39,2.63,7.58,-136.22,41.63,0.09
2786,-4.69,15.89,22.07,-58.12,20.42,0.43
2787,14.55,21.27,27.98,-46.13,24.82,1.09
2788,14.83,23.93,31.49,-49.57,24.8,1.97
2789,14.57,16.74,23.17,-46.79,29.71,2.21
2790,4.73,26.96,43.95,-71.64,12.51,2.17
2791,-4.39,19.29,28.41,-65.45,33.78,1.8399999999999999
2792,-62.63,18.94,39.17,-104.74,17.71,1.45
2793,11.54,29.84,34.03,-24.92,42.88,1.1400000000000001
2795,26.28,22.55,24.08,1.2,37.76,0.7000000000000001
2796,42.04,9.47,17.34,-77.08,137.95,0.8
2797,-24.73,4.85,7.39,-34.37,-3.75,0.12
2798,7.69,8.85,10.06,-12.03,24.85,0.63
2799,-15.63,4.37,6.42,-31.93,13.09,0.15
2800,16.34,9.53,10.13,-5.92,84.97,0.55
2801,7.63,13.61,17.21,-20.92,28.94,0.91
2802,37.05,12.49,12.57,-0.64,23.44,0.67
2803,86.14,17.04,12.85,32.61,98.74,0.6900000000000001
2805,66.84,6.83,4.87,40.25,25.15,0.39
2806,8.51,7.88,9.35,-15.72,18.23,0.21
2807,3.92,9.1,9.92,-8.27,1.53,0.46
2808,-25.83,5.72,10.93,-47.67,4.25,0.16
2809,21.94,8.78,11.23,-21.82,44.42,0.67
2810,-3.86,7.11,9.98,-28.76,14.25,0.48
2811,33.16,8.51,10.51,-19.03,9.69,0.6000000000000001
2812,-5.72,9.74,17.16,-43.24,6.47,1.15
2813,-39.86,3.8,8.09,-53.03,7.2,0.2
2815,18.14,20.26,27.48,-26.27,38.1,1.08
2816,-46.5,3.12,8.59,-63.68,-0.6000000000000001,0.16
2817,-11.22,7.18,13.58,-47.13,0.89,0.54
2818,17.13,16.25,20.42,-20.42,3.06,1.48
2819,-25.83,5.32,9.91,-46.32,11.05,0.2
2820,0.91,9.21,19.35,-52.4,6.26,0.72
2821,35.04,17.93,24.11,-25.63,28.99,1.51
2822,2.92,8.12,12.67,-35.91,17.88,0.27
2823,18.5,13.94,24.38,-42.82,24.04,0.53
2824,-13.1,9.44,19.09,-50.55,9.7,0.37
2825,26.57,16.93,25.59,-5.49,39.74,0.8
2826,9.25,10.46,18.64,-43.88,-15.85,0.32
2827,0.86,14.42,30.84,-53.24,6.47,0.6000000000000001
2828,11.83,8.04,12.82,-37.29,51.71,0.6000000000000001
2829,-14.43,8.42,20.34,-58.6,47.64,0.41000000000000003
2830,1.98,8.8,15.85,-44.48,7.72,0.39
2831,6.53,20.15,35.48,-43.21,25.36,2.33
2832,35.92,13.24,22.35,-40.76,25.23,1.69
2833,51.15,28.67,42.52,-32.57,53.6,1.75
2835,-68.17,3.16,19.25,-83.58,-0.85,0.09
2836,-5.4,11.69,19.83,-41.05,0.38,0.30000000000000004
2837,19.22,13.5,28.56,-52.73,51.86,0.43
2838,18.25,11.73,18.39,-36.22,16.81,0.74
2839,10.68,9.43,9.68,-2.58,-1.06,0.43
2840,28.5,10.78,12.03,-10.39,18.12,0.68
2841,-6.86,31.46,74.94,-58.02,31.92,1.72
2842,20.61,9.53,13.06,-27.03,36.53,0.7000000000000001
2843,23.14,8.8,10.53,-16.43,20.52,0.37
2845,52.81,17.52,23.49,-25.42,30.81,0.77
2847,-23.25,11.96,30.4,-60.66,10.38,0.54
2848,-76.58,1.9300000000000002,10.3,-81.26,-2.04,0.09
2857,-17.03,8.96,18.86,-52.49,1.7000000000000002,0.44
2910,-7.05,5.46,8.0,-31.75,4.67,0.34
600003,191.78,6.44,2.31,179.13,7.71,0.19
600004,127.98,104.38,100.66,39.11,83.56,7.09
600005,-651.71,-3.58,39.05,-754.64,-24.66,-0.03
600006,376.32,38.59,41.58,341.63,49.59,1.15
600007,150.0,73.46,71.96,101.82,131.39,3.76
600008,91.05,78.96,78.63,30.71,172.25,1.9500000000000002
600009,180.83,100.45,92.14,100.6,94.17,9.39
600010,1838.52,-7.5,-5.29,1250.53,42.63,-0.14
600011,484.76,101.59,90.13,436.67,53.89,4.36
600012,48.81,112.48,114.72,-13.53,52.43,4.68
600015,221.54,152.31,157.0,-15.89,150.54,14.15
600016,221.41,177.45,178.65,4.42,162.67,10.44
600017,75.56,61.52,67.92,-30.0,89.62,1.63
600018,121.35,115.27,112.97,40.79,80.54,2.49
600019,945.21,67.03,61.78,769.32,22.39,4.26
600020,293.21,76.47,71.92,204.49,144.43,2.55
600021,312.81,91.04,59.12,245.82,59.46,3.5
600022,-2004.09,-28.24,-28.82,-5498.14,-62.56,-0.66
600023,-19.8,47.51,60.31,-87.75,1.15,1.82
600026,-3170.5,22.52,43.88,-2769.22,-60.68,1.57
600027,1803.69,91.08,70.85,1534.61,88.98,2.95
600028,116.46,102.65,104.75,22.94,68.26,5.15
600029,1599.95,114.69,50.61,872.54,90.76,3.41
600030,171.0,104.57,110.24,65.8,179.93,9.12
600031,4916.25,191.96,206.57,777.19,142.59,5.11
600033,-4.52,73.99,87.15,-68.02,16.0,2.05
600035,104.39,87.3,89.57,10.31,172.9,2.69
600036,139.5,184.18,195.05,-44.2,156.98,18.0
600037,101.15,62.96,64.91,-7.59,73.6,3.74
600038,199.18,121.98,124.56,-4.42,125.02,9.12
600039,511.75,107.45,99.3,363.97,188.72,3.38
600048,227.42,173.78,174.71,-1.13,267.01,10.64
600050,65.76,26.48,47.22,29.22,57.69,0.93
600051,408.4,81.52,69.15,326.5,117.89,4.89
600052,-34.07,52.31,71.74,-157.09,-82.28,1.23
600053,624.04,107.94,119.9,462.8,180.17,3.22
600054,117.31,108.42,115.23,-21.13,76.43,4.27
600055,251.9,59.38,59.28,97.22,36.88,1.73
600056,219.35,137.26,132.64,48.92,224.75,7.78
600057,209.36,58.76,61.31,26.92,237.07,1.88
600058,-1867.99,-42.81,-32.19,-2428.65,-4.98,-2.41
600059,91.67,51.6,55.43,-36.18,89.78,1.9100000000000001
600060,251.48,142.59,143.37,63.1,98.63,10.63
600061,726.66,48.79,40.69,2043.1,64.19,2.83
600062,70.75,115.7,117.7,2.58,20.66,9.04
600063,712.55,21.94,23.28,631.73,103.06,0.72
600064,182.16,73.26,67.33,112.92,122.96,8.37
600066,185.98,265.31,270.88,-1.47,156.45,15.35
600067,281.1,161.04,167.69,82.62,84.06,5.43
600068,216.88,136.37,135.96,24.14,191.88,5.11
600069,-3281.65,-90.91,-91.05,-3309.93,47.59,-1.51
600070,1182.58,81.47,75.66,978.55,156.39,2.81
600071,-1212.89,-17.48,-20.63,-1340.74,14.57,-0.33
600072,-252.25,-5.0,1.26,-344.65,-47.37,-0.06
600073,-1166.35,42.67,35.05,1242.78,266.88,1.44
600074,-892.78,-15.77,-41.91,-656.28,211.7,-0.2
600075,1289.79,31.51,22.17,1632.09,-27.21,1.46
600076,852.17,18.01,-39.86,394.19,122.66,1.27
600077,-21.02,51.59,40.48,265.81,128.68,1.45
600078,84.91,21.91,26.88,60.24,6.14,0.56
600079,470.6,112.48,103.11,139.89,327.54,6.74
600080,778.93,45.2,32.94,681.56,60.38,1.34
600081,603.33,165.22,134.39,393.28,204.44,3.87
600082,-936.76,18.65,26.7,-965.88,-8.42,0.47000000000000003
600083,396.47,89.63,51.33,295.63,601.56,0.16
600084,-986.62,-16.8,-6.49,-1129.54,6.36,-0.25
600085,150.0,116.95,113.81,33.59,133.58,5.14
600086,768.42,117.38,111.52,451.2,353.39,2.19
600087,-4658.23,-43.52,-1.35,-4090.65,81.82,-0.6000000000000001
600088,-395.13,42.26,41.0,-453.65,-2.08,1.3900000000000001
600089,110.63,107.22,126.95,-92.34,125.96,5.44
600090,1126.72,84.0,102.97,1169.44,54.49,1.49
600091,-2315.07,-152.87,-164.88,-2893.21,410.39,-3.84
600093,1895.74,68.38,38.42,937.67,1458.65,2.15
600094,226.95,100.19,100.18,180.57,229.56,2.16
600095,-685.57,9.75,8.41,-737.77,-11.62,0.2
600096,-3906.14,-88.27,-74.82,-4417.83,31.4,-4.3
600097,4488.72,262.08,311.91,3932.22,289.8,8.61
600099,487.62,3.94,4.4,486.0,62.05,0.07
600101,83.37,80.93,85.71,-0.49,107.46,3.66
600102,-13.31,3.7199999999999998,6.01,-35.64,13.6,0.23
600103,-6300.51,-31.9,-34.84,-7084.16,45.97,-0.42
600104,1092.63,175.12,160.08,851.46,248.34,19.68
600105,1864.59,84.07,75.54,1653.75,120.77,3.02
600106,209.85,93.75,92.23,97.34,-27.22,2.99
600107,48.27,17.57,19.59,46.84,44.38,0.24
600108,165.84,45.47,47.48,73.08,25.13,0.9
600109,234.39,100.83,124.68,-21.56,206.1,3.65
600110,-4059.87,4.24,-2.2800000000000002,-4439.41,127.18,0.07
600111,1653.46,187.67,193.7,1119.73,233.01,5.64
600112,-974.67,21.52,32.79,-1122.54,54.59,0.35000000000000003
600113,90.44,93.51,82.88,398.61,130.26,1.77
600114,750.73,77.06,66.58,553.0,108.91,3.01
600115,709.88,148.28,153.03,62.14,118.64,2.8
600116,228.64,88.74,85.38,48.66,82.4,3.21
600117,-3449.45,-55.79,-57.16,-5453.01,19.05,-1.23
600118,159.08,162.72,172.02,-83.22,244.32,5.5
600120,271.54,103.7,103.1,52.81,91.8,7.83
600121,-870.11,20.94,12.52,-915.21,59.82,0.5700000000000001
600122,145.37,54.04,58.03,-25.91,57.49,3.18
600123,-6897.98,106.46,134.97,-5419.73,71.07,10.11
600125,29.24,91.72,98.07,-51.21,250.93,2.8
600126,-9694.98,-9.28,-19.61,-11981.79,-39.94,0.24
600127,-2299.71,-24.89,-56.61,-2580.99,92.75,-0.28
600128,1.99,37.7,40.34,-33.46,46.71,2.08
600129,-3495.23,47.46,41.57,-3536.8,59.82,1.38
600130,-320.03,38.65,30.09,-413.16,66.21,0.36
600131,199.87,80.02,32.15,104.02,87.1,1.29
600132,270.54,120.74,108.95,230.6,43.47,3.16
600133,-2505.89,53.71,19.54,-2838.15,258.46,1.97
600135,-1499.44,11.64,8.26,-1594.7,105.44,0.46
600136,5515.46,87.54,122.09,677.25,590.88,1.51
600137,-1047.75,39.15,60.98,-1195.95,106.54,1.54
600138,230.55,96.18,92.26,85.33,102.22,5.77
600139,-6878.1,26.42,217.15,-9603.44,261.67,0.66
600141,857.87,74.51,99.07,574.25,202.68,4.44
600143,129.37,101.75,104.42,37.27,132.16,2.84
600145,-5241.65,-109.82,-122.97,-3692.27,2525.81,-0.47000000000000003
600146,-4263.61,-116.04,-122.52,-5835.67,3033.58,-0.6000000000000001
600148,1394.23,37.37,36.56,1341.06,73.79,0.9
600149,-2870.44,-110.22,-122.57,-3527.82,508.66,-1.11
600150,-4256.93,19.08,73.24,-4760.7,-54.19,6.39
600151,-5775.34,-9.81,-2.23,-5190.57,251.18,-0.35000000000000003
600152,-369.31,-27.55,-28.81,-430.08,-124.14,-0.56
600153,138.38,194.73,192.26,60.33,207.14,8.86
600155,282.39,87.85,-2141.4,110.21,-9.56,0.33
600156,-286.27,-1.01,13.77,340.35,-18.17,-0.04
600157,954.37,76.23,74.47,788.23,422.57,2.2800000000000002
600158,-23.23,53.15,67.55,-57.93,10.14,0.84
600159,15122.86,63.68,62.92,13468.43,1241.13,1.72
600160,963.31,108.91,104.65,707.52,108.8,4.5600000000000005
600161,2803.5,167.29,146.23,2451.84,69.04,5.05
600162,524.86,101.25,111.06,327.65,117.24,2.02
600163,-16937.53,-244.0,-253.09,-19312.89,-62.73,-2.58
600165,-898.25,-28.54,-31.97,-1238.89,78.59,-0.59
600166,112.3,98.87,112.32,-128.91,75.22,4.63
600167,447.83,149.8,135.18,306.89,181.29,5.86
600170,136.14,106.57,104.01,39.21,121.88,5.17
600171,-2279.62,12.56,4.12,-2307.89,15.02,0.37
600172,323.8,66.71,63.71,158.91,170.2,2.7199999999999998
600173,574.13,106.54,110.97,359.49,163.65,2.14
600175,244.45,46.49,55.56,-96.86,182.71,0.88
600176,374.2,102.01,101.48,147.16,93.1,4.45
600177,93.0,144.7,156.27,31.01,10.73,9.76
600178,-848.73,-2.11,4.24,-1014.89,76.03,-0.1
600179,-5453.47,-272.04,-85.02,-9072.5,37.93,-1.71
600180,99.69,132.88,116.43,1738.88,326.01,3.32
600182,13877.64,352.64,340.18,11652.42,71.72,8.06
600183,320.0,131.54,117.82,214.75,107.66,3.94
600184,-5620.33,13.74,14.0,-5386.01,-6.03,0.4
600185,747.08,136.5,-30.11,294.33,421.53,6.07
600187,72.77,47.54,66.38,-114.19,181.32,0.66
600188,350.4,106.31,119.02,249.12,211.97,8.18
600189,377.83,22.5,24.91,439.95,-56.54,0.96
600190,119.32,34.15,42.87,-8.84,223.02,0.86
600191,1051.61,10.66,3.43,892.84,351.65,0.43
600192,2953.42,25.41,24.47,2690.22,35.28,0.96
600193,497.52,-79.9,-31.7,314.73,7.86,-0.24
600195,142.35,129.22,132.44,7.11,80.2,6.76
600196,370.27,154.6,159.13,114.08,179.86,9.26
600197,124.7,148.33,144.16,38.37,109.36,4.86
600198,-6389.57,0.65,68.27,-8052.45,92.47,-0.9
600199,263.49,98.18,102.11,9.6,94.53,2.79
600200,411.31,35.83,32.14,248.2,38.98,0.7000000000000001
600201,323.85,174.42,163.44,111.17,107.69,6.93
600202,-1970.79,-49.84,-21.55,-2166.14,-73.41,-1.01
600203,-1503.64,-47.25,-37.3,-2259.6,229.44,0.44
600206,-1911.26,-13.87,-5.84,-1209.94,29.84,-0.44
600207,-8225.61,-296.67,-292.67,-11621.07,73.92,-3.44
600208,413.38,134.47,144.24,185.04,154.75,2.77
600209,-3415.7,-16.51,-15.08,-3541.82,-1.26,-0.24
600210,398.4,89.28,83.24,289.81,42.24,2.27
600211,681.96,111.3,99.06,481.56,11.6,4.33
600212,-2378.97,-31.17,-30.47,-2823.18,-67.39,-0.53
600213,-5190.02,-43.61,-70.19,-7373.19,153.56,-0.65
600215,3622.23,6.57,6.29,3547.26,214.56,0.41000000000000003
600216,11.93,153.14,222.53,-125.8,45.09,10.86
600217,-1159.27,-208.32,-44.3,-3604.76,54.2,-0.14
600218,498.0,38.91,37.13,348.84,116.2,1.57
600219,54.68,45.91,48.7,10.6,100.29,3.2
600220,-15755.11,-23.76,-24.54,-20722.38,-29.26,-0.34
600221,920.27,99.18,72.49,497.19,150.43,2.68
600222,6.22,23.52,27.55,-82.93,76.77,0.41000000000000003
600223,139.6,201.32,139.25,20.4,133.4,2.14
600225,-4918.1,-46.18,-86.03,-2228.19,102.85,-1.03
600226,245.1,74.14,78.96,132.13,-48.4,1.9300000000000002
600227,-32561.48,-46.64,-3.52,-29981.96,318.56,-0.52
600230,427.35,262.2,130.14,-160.77,384.03,16.02
600232,386.29,14.85,9.06,385.7,24.84,0.48
600235,-2866.33,13.66,13.53,-3184.01,29.26,0.46
600236,1170.08,132.7,115.52,1173.74,52.9,2.47
600237,-3121.15,-17.94,-17.73,-3288.93,37.31,-0.45
600238,-180.72,72.24,32.53,-307.84,65.15,1.7000000000000002
600239,341.45,69.75,71.97,5.16,1329.78,2.9699999999999998
600240,386.73,130.25,119.27,245.89,317.16,4.3
600241,-786.64,-15.16,-18.86,-662.04,2.54,-0.2
600242,-8650.5,-18.27,351.0,-11030.94,983.28,0.48
600246,-1205.16,44.07,58.69,-1548.5,21.47,1.27
600247,-847.77,-565.48,-381.11,-1092.15,4112.94,-2.08
600248,153.42,118.9,153.15,-130.33,396.66,2.84
600249,-1215.22,-10.77,-3.1,-1122.13,100.4,-0.39
600250,440.76,-4.88,-25.35,-370.64,-164.47,0.25
600251,2708.93,92.15,92.28,2391.94,124.46,2.8
600252,519.57,206.53,206.31,152.12,237.93,4.41
600253,346.05,15.4,-0.18,327.42,62.11,0.31
600255,168.25,19.07,15.67,25.87,60.72,0.4
600256,297.4,102.5,115.11,130.06,198.09,2.58
600257,1175.79,49.15,25.02,966.02,113.87,0.74
600258,260.63,106.77,114.09,-19.89,408.43,5.33
600259,-1140.13,34.02,54.0,-1608.87,280.47,0.06
600260,706.75,66.86,52.14,483.63,400.58,2.62
600261,159.59,120.06,118.44,42.31,108.96,3.65
600262,157.33,62.16,64.12,86.16,-39.8,3.25
600263,74.41,15.7,12.54,49.07,49.62,0.73
600265,-3108.22,-308.07,-167.69,-3980.91,6.27,-2.76
600266,230.82,126.63,128.19,51.48,163.14,10.0
600267,-703.73,61.09,74.54,-875.32,137.43,3.33
600268,-8689.46,31.91,39.51,-7161.01,144.91,1.16
600269,13.12,84.62,93.75,-58.68,44.46,3.7800000000000002
600270,165.73,102.35,101.48,81.6,83.96,7.01
600271,117.71,177.52,180.45,-7.18,173.81,9.58
600272,67.8,92.08,106.17,-5.19,33.02,1.26
600273,-1395.05,63.32,44.41,-914.19,88.0,1.67
600275,-9741.94,-84.27,-86.78,-10464.68,245.12,-0.37
600276,260.6,236.07,235.34,8.53,220.15,10.06
600277,565.0,32.26,21.68,381.11,293.95,1.67
600278,19.32,50.07,50.83,-2.45,21.33,2.76
600279,582.98,43.11,32.82,457.6,283.35,2.19
600280,920.63,136.93,130.35,563.78,82.37,3.51
600281,-4075.79,-93.26,-93.37,-4557.98,-108.49,-1.6
600282,-138.12,15.04,-18.92,-379.0,48.16,0.43
600283,205.84,39.54,40.02,107.29,110.19,1.55
600284,149.86,78.82,79.57,20.24,86.57,5.2
600285,568.47,77.44,69.11,347.9,167.93,2.41
600287,1744.78,61.95,55.31,1516.6,12.22,1.58
600288,-61.01,40.44,48.05,-102.1,19.24,1.18
600289,-1885.62,-74.5,55.55,-2298.06,47.35,-2.29
600290,104.98,41.54,60.18,31.75,130.23,1.3
600291,8319.69,54.54,33.55,8324.72,105.69,4.45
600292,428.88,43.45,25.16,133.32,54.89,2.21
600293,1979.69,22.59,0.98,1756.67,532.22,0.72
600295,116.05,89.1,94.01,41.69,99.66,4.76
600297,707.6,57.95,48.18,789.27,-30.47,1.9100000000000001
600298,323.33,131.46,120.01,162.87,162.34,6.86
600299,-2588.1,-112.72,-143.94,-3510.88,-57.88,-3.92
600300,358.39,46.4,45.65,269.11,70.2,0.68
600301,-2579.77,-121.04,-61.34,-3214.22,161.23,-2.26
600302,-1068.32,0.51,1.32,-1128.33,45.89,0.02
600305,385.96,68.94,41.17,12.12,98.29,2.24
600306,-3518.04,7.22,831.22,-4121.19,-12.85,-1.5899999999999999
600307,-18556.37,-36.13,-39.68,-23826.85,39.13,-0.59
600308,532.22,43.39,43.48,437.38,93.44,3.07
600309,364.7,259.43,244.51,109.65,246.33,12.5
600310,4663.05,59.05,68.72,792.62,344.98,3.09
600311,-3482.63,-17.65,-17.22,-3654.86,53.72,-0.23
600312,1338.0,67.76,60.78,1179.54,147.61,3.46
600313,-198.4,15.04,28.42,-426.55,303.39,0.6000000000000001
600315,338.12,199.41,211.1,107.88,90.83,9.91
600316,111.08,24.95,29.75,66.41,66.44,1.47
600317,17.58,50.34,54.8,-51.71,61.97,1.37
600318,1471.13,77.66,85.53,1106.83,28.42,2.88
600319,-10966.63,-33.0,-111.99,-5482.2,6.62,-2.55
600320,-3488.51,-0.21,16.04,-3594.57,-13.99,-0.01
600321,568.74,8.77,11.64,413.91,135.38,0.31
600322,-8349.97,25.97,23.92,-8649.46,238.63,0.96
600323,515.94,132.09,129.28,285.19,169.42,6.2
600325,125.36,98.03,102.74,-9.28,222.48,7.29
600326,2168.33,56.68,44.5,1938.52,215.88,1.51
600327,139.85,126.95,132.71,-6.14,84.28,3.45
600328,533.21,32.38,28.7,373.14,135.54,1.18
600329,136.32,135.87,140.75,-7.38,98.99,4.76
600330,-3505.81,-17.03,-20.54,-4332.88,66.75,-0.21
600331,-1569.41,-39.4,-64.88,-358.28,20.23,-0.38
600332,205.0,104.35,98.89,85.97,161.86,6.47
600333,-1505.24,10.1,14.83,-1697.08,-19.56,0.23
600335,-1376.46,81.71,73.64,-1456.12,39.6,6.22
600336,556.39,86.21,87.35,358.86,98.67,1.37
600337,915.2,65.28,59.01,749.31,83.77,2.45
600338,278.4,186.38,252.47,105.44,25.44,3.01
600339,13299.13,-179.84,-177.69,10966.68,111.58,-1.32
600340,494.4,311.64,266.59,8093.06,325.53,16.95
600343,-8.94,28.19,30.73,-101.36,110.45,1.19
600345,603.38,58.89,42.72,515.39,-21.6,3.61
600346,-3470.66,-39.06,-65.12,-3232.2,106.53,-0.19
600348,673.95,129.23,147.97,497.99,105.79,6.66
600350,50.2,109.64,113.41,-25.59,39.53,4.28
600351,831.06,94.54,101.14,688.73,97.88,2.12
600352,215.43,148.79,149.5,27.87,165.11,6.94
600353,3881.15,60.5,62.42,3150.12,138.61,1.9500000000000002
600354,-3649.46,-49.39,-49.76,-3617.71,-45.58,-0.68
600355,-3485.35,-59.98,-57.21,-3489.79,77.9,-0.87
600356,66.52,55.7,56.87,2.15,30.22,3.31
600358,-3088.33,-78.79,-81.08,-3953.73,129.13,-0.8200000000000001
600359,-7381.09,-92.48,-105.65,-10995.77,85.65,-1.92
600360,261.09,28.98,28.23,218.98,44.34,0.78
600361,-440.39,10.55,14.46,-531.33,33.4,0.44
600362,123.62,80.4,88.34,18.7,159.97,8.46
600363,277.65,71.57,66.36,106.64,101.82,2.54
600365,-1125.3,-21.22,-20.99,-1666.3,448.34,-0.21
600366,726.22,160.09,157.93,570.58,94.29,8.29
600367,236.89,10.93,5.5,145.11,42.62,0.43
600368,196.33,63.2,57.35,120.61,672.57,2.4
600369,812.58,85.46,239.69,-30.03,361.79,2.86
600370,514.6,25.98,23.12,493.2,15.98,0.8
600371,1002.15,86.54,83.47,875.96,-76.64,1.8399999999999999
600372,553.42,92.47,-94.1,564.86,-19.88,2.74
600373,230.53,42.72,-30.27,137.69,283.73,6.66
600375,120.13,55.4,58.05,-75.88,97.09,1.9
600376,182.7,108.29,114.94,-28.66,218.55,7.96
600377,103.92,109.97,103.94,56.34,46.74,4.04
600378,78.97,80.82,87.18,11.92,1.21,1.74
600379,531.68,48.51,43.12,496.16,62.74,0.86
600380,2344.55,116.43,81.75,2112.01,141.45,3.63
600381,-6.34,48.96,112.96,-109.57,-115.01,1.4100000000000001
600382,449.46,135.07,140.02,172.13,286.4,6.76
600383,280.5,134.84,126.71,103.29,190.59,8.14
600385,-516.06,3.62,115.53,-537.11,-214.55,0.02
600386,29.3,94.46,99.37,-49.9,184.16,3.16
600387,1833.51,65.05,50.45,1805.47,359.39,1.78
600388,508.08,405.27,401.31,66.21,337.74,26.85
600391,-65.38,32.19,42.2,-98.08,64.35,1.6600000000000001
600392,-1021.95,-15.55,-18.39,-1814.19,319.11,0.19
600393,1062.15,61.33,61.15,647.83,469.7,1.71
600395,1030.77,121.71,142.71,840.46,70.74,5.82
600396,-3350.19,37.86,67.44,-3200.49,108.32,1.3900000000000001
600397,-7424.16,-109.01,-78.16,-10322.53,-23.58,-1.3599999999999999
600398,168.38,173.81,146.34,517.24,146.98,3.43
600399,-776.58,-27.84,-8.4,-2839.47,-5.15,0.02
600400,540.04,43.77,32.92,308.24,133.99,1.11
600401,-23141.08,-268.46,-249.78,-26365.4,101.14,-2.3
600403,-1283.8,-32.08,-27.38,-1416.97,-27.23,-1.11
600405,1133.56,48.64,48.27,993.98,82.91,0.93
600406,241.08,215.5,212.32,58.03,171.73,6.5
600408,-6913.3,-157.54,-122.83,-8022.73,57.74,-2.51
600409,1072.25,85.87,73.17,886.36,114.59,3.07
600410,499.21,59.33,69.9,193.9,69.25,2.05
600415,145.97,89.98,96.62,9.68,160.71,3.44
600416,143.6,32.52,36.28,-20.05,129.83,1.76
600418,732.55,98.69,96.99,585.85,123.77,4.68
600419,-871.34,19.45,14.05,-1313.73,324.66,2.13
600420,140.31,127.55,128.88,19.6,117.01,4.84
600421,1080.06,-83.08,59.19,843.72,-94.01,-0.01
600422,297.19,132.77,129.06,95.71,160.15,5.03
600423,-5904.84,-43.24,9.91,-8667.24,31.48,-1.08
600425,-10559.43,27.93,35.75,-11597.69,103.66,1.57
600426,159.47,100.94,104.09,12.51,127.91,5.96
600428,853.55,22.35,56.38,725.01,-5.6,0.8200000000000001
600429,-972.11,-12.4,-8.98,-1081.7,148.71,-0.06
600432,-888.1,-97.04,-35.68,-513.46,95.98,-3.25
600433,716.01,57.19,49.48,379.55,137.57,1.17
600435,93.89,31.79,46.81,36.64,43.03,0.87
600436,206.98,181.28,179.05,26.84,200.54,15.48
600438,380.02,113.24,107.58,133.9,71.86,2.76
600444,-436.07,-24.17,-108.38,656.08,63.52,-0.24
600446,146.81,129.2,135.31,-8.88,149.51,2.8
600448,-3834.54,21.41,21.28,1731.88,58.47,-0.07
600449,931.65,82.73,97.21,782.06,131.68,9.17
600452,-20521.33,79.89,63.2,-23746.04,130.71,3.77
600455,-360.38,2.84,8.16,-373.27,-48.11,0.06
600456,-106.72,-0.56,7.01,-199.27,30.79,-0.03
600458,289.93,83.76,93.54,259.71,295.27,3.19
600459,770.73,43.42,20.3,563.3,301.86,2.75
600460,1286.4,69.08,64.06,1105.18,127.49,1.69
600461,4623.46,65.27,60.84,102.92,197.26,3.15
600462,-1748.92,-3.61,116.15,-1838.78,327.28,-0.03
600463,-97.7,62.44,73.37,-181.26,129.11,1.74
600466,139.67,56.78,46.14,474.29,108.39,1.82
600467,88.55,46.78,55.85,-3.34,106.82,1.28
600468,307.01,51.95,53.68,34.98,58.82,0.77
600469,-271.55,71.48,82.11,-495.0,8.38,4.29
600470,-1438.72,16.37,20.95,-1599.38,69.96,0.78
600475,-38.65,79.32,80.98,9.36,40.46,4.07
600476,-1415.72,-29.17,-49.26,-1573.38,4.57,-0.42
600477,371.86,96.94,78.11,93.03,35.53,1.82
600478,-3870.51,-20.7,-19.67,-3223.31,40.97,-0.32
600479,83.88,96.17,99.99,-1.09,150.94,3.61
600480,189.26,103.44,109.86,10.09,196.56,4.61
600481,221.09,108.53,109.78,180.88,-45.62,2.66
600482,302.84,55.15,25.85,143.93,87.59,2.77
600483,242.6,72.99,65.75,704.4,41.54,3.27
600485,-445.81,56.36,90.0,232.34,-59.26,1.6400000000000001
600486,150.14,122.21,127.99,10.44,98.19,12.79
600487,358.11,138.81,121.54,160.05,225.66,10.37
600488,96.97,37.95,36.96,109.18,51.06,1.06
600489,328.65,93.68,105.15,145.56,93.28,3.34
600490,239.71,-57.09,-82.03,63.93,991.72,-0.81
600491,239.37,81.56,79.02,72.29,108.46,2.98
600493,1012.84,36.45,33.8,953.16,20.72,1.08
600495,-10.85,35.55,49.86,-114.67,4.15,1.75
600496,-19.09,92.78,106.87,-165.34,41.67,3.05
600497,-3261.4,43.96,38.0,-2709.44,159.73,1.6400000000000001
600498,177.62,93.66,90.62,42.59,202.95,6.8100000000000005
600499,170.39,128.14,135.08,-1.12,188.76,4.35
600500,122.44,69.71,76.28,758.16,67.39,3.24
600501,48.67,33.32,36.32,6.48,43.78,1.08
600502,716.33,143.88,135.9,268.45,225.0,4.93
600503,893.56,95.85,112.69,646.99,695.11,1.99
600505,31.66,150.7,178.58,-138.89,91.09,2.4
600506,-287.52,-0.7000000000000001,-40.05,671.0,301.5,0.18
600507,1980.3,264.48,206.88,1656.93,48.63,6.68
600508,3649.78,94.29,119.21,3520.8,-6.97,8.03
600509,220.87,74.78,74.77,114.79,124.81,2.94
600510,183.39,66.98,60.82,2661.15,113.81,3.66
600511,133.17,187.56,196.96,-36.39,125.52,8.02
600512,794.96,30.58,30.43,631.43,91.43,0.56
600513,165.61,73.03,69.54,65.41,59.63,2.12
600515,259.15,-79.36,331.17,8.12,146.13,1.54
600516,6208.83,106.41,91.43,5656.93,247.16,3.66
600517,37.85,134.83,153.15,-90.4,154.17,2.94
600518,313.35,142.94,140.0,32.47,338.66,5.82
600519,241.94,304.86,310.92,-1.04,230.81,106.41
600520,-2835.85,-45.66,-46.23,-2648.71,72.14,-1.13
600521,242.41,119.71,120.58,73.28,216.03,4.28
600522,308.37,117.0,124.34,-23.97,249.47,7.76
600523,116.58,70.63,67.27,55.27,91.72,4.25
600525,461.64,131.85,128.1,161.27,250.65,4.92
600526,-240.56,18.0,26.76,-462.08,97.52,0.73
600527,292.35,75.49,81.82,177.76,59.41,1.74
600528,-42.67,87.08,89.27,181.79,27.59,3.25
600529,82.87,68.99,70.92,-11.06,75.75,5.34
600530,353.53,53.89,27.99,286.64,-15.81,1.97
600531,340.85,25.08,22.13,-31.51,106.34,0.36
600532,-1720.23,-24.04,-40.81,-1682.56,48.83,-0.18
600533,1191.06,49.29,57.24,1050.23,98.06,1.63
600537,-2411.82,-8.75,-8.98,-2469.54,77.01,-0.05
600538,-1487.34,-188.23,-235.18,-1374.56,54.75,-1.1
600539,-29171.12,-80.86,-69.25,-35260.9,202.2,-2.15
600540,-1098.5,-84.82,-85.33,-980.53,29.72,-1.7000000000000002
600543,-99.41,16.69,21.18,-137.96,-54.0,0.54
600545,-630.26,67.51,48.39,-556.31,203.69,1.56
600546,-693.33,22.75,14.82,3643.46,131.22,2.63
600547,134.46,185.18,209.76,-79.83,110.9,7.94
600548,218.27,94.12,90.53,132.93,156.97,4.53
600549,393.15,96.59,98.13,333.73,171.57,4.51
600550,-4671.09,-24.8,-13.25,-5099.7,15.99,-3.63
600551,39.75,89.79,97.83,-75.16,168.39,5.98
600552,939.14,103.75,101.55,744.32,211.65,3.7199999999999998
600553,113.71,8.86,4.4,101.36,34.72,0.2
600555,-32.97,-1.5899999999999999,-3.79,-32.67,4026.85,0.04
600556,-501.61,-36.32,72.52,-25.81,-9.13,-0.06
600557,106.05,131.72,143.39,-60.4,120.45,5.22
600558,33.15,40.12,45.62,-67.6,6.55,2.19
600559,245.06,105.9,104.83,74.42,163.5,4.07
600560,-0.71,60.59,66.7,-51.24,16.17,2.27
600561,-58.86,89.85,102.14,-180.05,131.82,3.73
600562,109.88,76.27,59.52,205.85,19.62,2.95
600563,194.31,167.59,158.89,89.69,113.17,11.65
600565,404.74,139.36,150.7,848.26,538.84,3.06
600566,-344.77,156.7,126.59,144.17,99.42,4.83
600568,681.5,81.58,89.27,78.84,-4.85,3.5300000000000002
600569,-17106.87,-47.98,-75.18,-20817.57,-4.99,-1.6800000000000002
600570,2533.96,173.15,176.2,2104.0,159.48,4.16
600571,100.4,84.93,94.74,-27.28,93.94,2.32
600572,252.43,141.91,136.55,78.8,168.51,3.63
600573,1032.89,17.59,22.08,1023.95,-50.91,0.77
600575,938.21,50.27,52.63,1407.47,3643.48,0.05
600576,35.43,4.97,3.93,-256.69,3103.61,0.15
600577,181.54,77.95,79.78,51.46,121.91,1.81
600578,63.58,116.5,123.15,-13.64,66.21,3.94
600579,-615.62,48.72,-163.51,-508.72,-79.12,0.23
600580,209.38,87.91,89.08,158.45,96.98,3.32
600581,-2630.57,3.34,48.24,-7837.25,84.76,0.53
600582,17.48,166.86,192.08,-128.19,90.94,6.03
600583,509.24,92.08,115.76,303.64,73.41,3.43
600584,2144.31,30.81,31.7,1697.81,284.86,1.01
600585,285.92,153.42,148.11,104.87,135.24,17.0
600586,128.1,17.43,19.08,55.49,114.68,0.77
600587,284.7,81.02,84.0,86.53,326.09,5.58
600588,101.68,126.11,136.96,22.16,148.01,4.11
600589,297.89,38.23,43.72,99.41,52.38,1.24
600590,405.52,34.88,38.04,277.23,92.26,1.56
600592,-10.51,50.76,61.82,-83.27,61.38,1.96
600593,434.84,65.12,53.2,369.84,127.7,2.49
600594,229.71,159.93,167.95,17.81,130.11,6.38
600595,-2928.11,-1.8,10.77,-3152.45,79.71,-0.03
600596,663.83,36.42,100.6,552.71,23.35,2.67
600597,342.65,91.21,66.19,236.22,117.22,2.91
600598,52.95,63.53,63.79,-23.38,-19.54,2.01
600599,93.38,32.28,35.92,-21.27,95.4,0.88
600600,97.38,120.3,124.6,-16.7,53.25,10.58
600601,96633.33,5.21,33.82,-1265.15,-61.5,0.15
600602,284.1,50.15,5.35,268.86,26.64,1.11
600603,42.95,6.64,6.06,9.57,70.4,0.41000000000000003
600604,-824.97,-30.29,-31.66,-1077.59,508.78,0.64
600605,95.03,27.45,38.3,6.96,87.45,0.92
600606,-616.29,66.64,60.79,-551.88,67.66,2.99
600609,-1346.14,-128.08,-186.47,-1989.13,66.85,-0.23
600610,-24511.78,-235.57,-45.02,-48238.22,708.74,-1.12
600611,112.89,76.68,76.89,22.54,-52.55,2.71
600612,326.1,212.42,199.14,140.89,165.08,13.6
600613,-240.74,49.01,46.0,-385.82,251.71,1.8
600614,522.83,54.82,60.99,206.87,138.97,0.9500000000000001
600615,3327.22,33.81,48.34,1521.86,17.34,0.92
600616,-108.81,72.27,89.49,-159.58,-74.74,2.06
600617,-61.35,56.64,84.04,-171.27,88.58,1.63
600618,-7237.87,8.63,-31.85,-8496.41,28.94,0.24
600619,581.46,52.58,46.78,440.55,100.25,1.78
600620,1182.42,62.98,67.98,980.72,512.38,1.33
600621,182.54,100.25,96.13,87.39,249.86,3.18
600622,167.68,112.06,113.13,34.15,174.81,5.25
600623,290.43,81.54,68.86,206.72,91.63,2.65
600624,94.97,39.02,39.67,10.05,36.0,0.68
600626,93.56,76.35,74.41,67.1,76.25,2.43
600628,423.73,84.34,83.7,267.23,14.62,3.71
600629,-148.75,98.14,117.46,3591.47,-48.0,2.4
600630,632.53,34.34,28.55,582.18,26.42,1.27
600631,61.32,16.82,14.94,26.48,34.75,0.93
600633,464.26,114.87,68.31,1264.62,63.39,4.5600000000000005
600634,-1337.6,13.84,12.27,-11038.14,145.43,0.98
600635,185.42,79.0,79.91,1.97,43.45,1.74
600636,-3252.7,62.07,50.99,-2589.89,99.77,1.57
600637,436.92,122.95,59.53,362.45,103.7,6.11
600638,518.25,82.1,56.2,1015.76,197.42,3.89
600639,124.71,85.4,86.19,15.37,97.15,4.45
600640,-382.88,20.06,7.3,2016.99,79.31,0.99
600641,407.49,108.05,88.48,282.06,77.43,5.04
600642,197.79,83.75,81.21,136.85,99.52,4.03
600643,641.38,87.98,77.18,377.75,36.92,2.98
600644,-956.46,-385.92,-375.3,-1662.49,122.76,-2.49
600645,939.01,60.72,98.7,193.54,130.77,0.86
600647,2653.78,184.64,196.4,1971.41,63.18,3.34
600648,176.59,82.83,82.28,59.56,9.62,4.75
600649,92.41,94.15,97.09,24.25,65.66,5.27
600650,-16.43,91.86,102.42,-73.99,34.77,3.89
600651,441.19,73.22,78.8,31.88,197.66,1.6099999999999999
600652,-2359.27,3.0,28.4,-2559.99,-158.09,-0.03
600653,-684.84,0.48,29.39,-753.3,162.49,3.4694469520000004e-17
600654,707.01,68.22,97.55,985.19,173.12,0.93
600655,113.26,116.97,120.45,-4.3,97.27,5.09
600656,-33.55,17.21,33.02,-47.88,32.57,0.06
600657,88.51,91.97,104.3,-47.92,212.44,4.22
600658,198.95,157.94,107.6,68.25,382.84,6.54
600660,479.56,222.08,212.44,249.08,130.6,8.65
600661,-1022.0,45.07,26.04,-1045.97,52.7,1.52
600662,-69.14,55.42,60.26,-75.46,26.8,1.44
600663,126.43,118.38,106.58,112.16,208.78,6.67
600664,39.25,77.34,87.85,51.32,0.17,3.2800000000000002
600665,82.04,93.24,93.46,8.88,111.67,2.5
600666,66.24,94.42,103.35,41.38,178.08,1.9300000000000002
600667,407.92,42.16,38.19,470.4,428.51,0.8300000000000001
600668,386.11,116.29,105.76,248.65,95.05,5.69
600671,-1982.91,-111.85,-122.96,-2701.93,5.61,-1.26
600673,529.54,63.88,57.18,406.8,134.45,1.57
600674,447.73,125.25,131.71,109.18,66.61,5.99
600675,-540.32,27.75,32.17,-845.48,201.64,1.19
600676,101.93,72.6,74.09,-14.68,109.78,2.58
600677,824.97,31.09,29.49,634.21,139.57,0.98
600678,-1330.71,-104.31,-264.82,-2183.31,240.86,-0.1
600679,5441.34,64.92,49.38,3343.62,198.06,1.53
600682,371.67,119.92,117.43,145.53,330.97,4.32
600683,588.9,75.95,68.02,431.08,439.22,2.0
600684,411.3,154.17,144.38,244.03,368.28,5.65
600685,-4.66,57.31,88.05,533.02,32.98,3.65
600686,89.68,80.27,81.58,-24.19,50.02,3.56
600687,4522.37,126.88,118.93,3375.73,1360.7,3.07
600688,602.4,95.83,39.14,492.02,62.52,2.06
600689,-54.8,21.24,24.13,-99.52,12.94,0.44
600690,220.4,225.86,213.99,106.73,135.69,10.54
600691,-2805.62,-18.97,-16.49,-2159.23,19.63,-0.47000000000000003
600692,-1300.55,28.54,23.9,-1473.42,177.06,0.49
600693,526.39,110.22,117.55,346.3,135.54,2.68
600694,1394.04,111.69,107.36,318.58,40.37,20.08
600695,-998.17,-25.21,-29.85,-1321.44,-177.61,0.12
600696,438.64,-154.02,-159.59,-94.41,588.13,-1.19
600697,116.58,151.99,156.92,-27.37,156.6,13.26
600698,-3684.1,-105.07,-90.55,-4263.21,-130.87,-0.27
600699,88.09,67.25,94.52,-145.73,275.13,3.07
600701,1568.93,18.77,9.27,148.49,206.21,0.44
600702,1428.88,57.98,47.49,1330.53,130.78,3.85
600703,647.48,146.74,151.25,-9.33,501.78,5.99
600704,170.88,113.2,110.48,63.44,75.35,5.89
600705,192.17,86.05,74.22,3017.58,199.0,2.75
600706,47.23,34.61,38.23,16.98,2.61,1.55
600707,-9077.01,-145.74,-144.96,-5463.33,-80.2,-6.26
600708,165.97,116.3,110.31,66.09,188.95,4.23
600710,-2076.46,-4.33,-8.65,-2459.25,17.43,0.1
600711,538.14,37.25,36.62,243.15,716.19,1.2
600712,97.6,64.89,77.21,-57.1,63.04,0.93
600713,-1410.6,30.54,27.84,-1314.94,90.19,0.78
600714,-267.46,44.27,-24.67,-232.04,-53.76,0.63
600715,-808.47,-186.22,-62.25,-2055.59,4630.95,0.16
600716,380.79,72.83,-3.48,-243.66,325.53,1.67
600717,2.11,71.69,78.5,-61.75,43.49,5.32
600718,341.29,106.66,109.13,184.75,71.36,5.0
600719,-113.73,5.02,6.14,-124.55,30.82,0.11
600720,423.98,108.35,115.02,188.35,137.78,5.54
600721,-11507.72,-93.88,-63.06,-8808.16,51.66,-2.67
600722,-159.15,-9.6,-80.03,90.55,-36.5,-0.15
600723,280.97,91.59,78.86,543.31,35.11,3.8200000000000003
600724,-1740.66,-5.16,42.07,-2128.35,170.04,0.12
600725,-9220.16,-166.67,-34.84,-12996.34,15.31,-2.89
600726,-8677.21,-67.02,-27.89,-12161.11,51.22,-1.15
600727,515.07,16.27,-27.45,595.98,21.93,0.45
600728,121.31,54.91,63.07,-10.99,130.05,1.1
600729,69.59,156.01,164.56,-6.43,56.41,12.46
600730,1321.32,72.39,72.02,1095.29,385.95,2.32
600731,356.08,18.04,13.72,297.2,58.88,0.35000000000000003
600732,-772.52,-8.76,-5.87,-850.48,609.8,0.01
600733,-934.65,-11.82,-14.78,-896.18,464.77,-0.08
600734,196.39,296.43,1224.09,-340.04,1331.33,1.72
600735,540.59,58.97,52.45,378.55,-97.44,1.23
600736,173.64,66.4,64.58,65.62,113.99,2.3
600737,-1540.95,-0.49,3.22,-2175.03,109.91,0.24
600738,1058.06,144.65,89.62,695.08,56.51,3.8200000000000003
600739,164.54,104.42,116.57,18.78,144.21,8.15
600740,-4280.13,-64.19,-80.6,-5151.8,97.93,-1.92
600741,145.61,142.38,129.22,1752.22,362.46,11.98
600742,146.38,146.68,151.47,2.36,156.51,16.73
600743,78.47,166.59,183.85,-81.41,208.6,3.35
600744,-2975.8,-28.83,-37.03,-3664.22,88.64,-0.56
600745,-358.57,97.48,127.05,115.49,1875.76,1.9500000000000002
600746,163.56,29.3,7.6,17.14,6.35,0.43
600747,-2521.59,-33.0,-65.44,-2466.43,269.85,-0.31
600748,199.7,101.86,107.06,21.72,92.55,4.03
600749,-310.09,-23.86,-21.76,-592.25,148.62,-0.77
600750,132.16,136.33,137.07,34.37,41.8,8.31
600751,418.21,-87.81,-176.09,147.03,6116.21,0.41000000000000003
600753,10284.62,40.94,-2.11,8427.21,4616.99,0.43
600754,116.57,73.67,72.25,41.54,253.81,6.17
600755,301.91,111.79,106.25,119.49,277.93,5.14
600756,1896.36,50.2,50.42,1728.22,112.25,1.9
600757,128.37,55.79,56.55,47.31,216.22,2.1
600758,-381.45,38.03,39.2,-163.72,62.86,0.59
600759,-460.51,46.7,59.74,-574.34,620.84,0.79
600760,-854.73,-52.02,-69.48,-680.44,105.26,-0.8
600761,210.27,108.08,108.18,114.48,109.05,6.63
600763,401.94,189.38,174.26,152.11,242.18,4.48
600764,-1915.49,9.81,-0.6000000000000001,-1306.37,-135.64,0.59
600765,-47.73,52.31,61.69,-164.24,98.53,2.06
600766,588.88,98.93,-26.75,450.75,508.08,0.17
600767,-1505.15,-26.45,-41.04,-1591.3,789.43,-0.25
600768,-1402.78,18.9,-84.59,-2581.47,36.42,0.19
600769,-5297.54,-64.32,-262.89,-7016.59,160.37,-1.07
600770,-1992.12,0.5700000000000001,2.89,-3067.56,126.53,0.26
600771,6234.52,85.08,-99.08,2596.88,196.49,1.27
600773,135.53,75.04,84.19,-26.6,474.31,1.44
600774,238.08,24.53,22.88,212.31,57.62,0.76
600775,981.21,40.66,39.94,890.3,76.3,1.21
600776,51.68,51.5,51.71,26.24,-77.12,1.09
600777,-1763.96,-9.97,-12.75,-1494.04,703.36,-0.18
600778,-2629.77,1.1400000000000001,57.72,-3342.9,186.77,0.5
600779,25.77,86.26,87.18,-104.45,193.35,2.65
600780,281.51,60.38,59.44,676.88,25.65,2.0
600781,50.91,77.58,83.47,169.75,72.65,1.83
600782,810.41,38.89,18.44,599.32,96.81,1.44
600783,-106.62,86.3,86.61,80.12,-21.52,3.79
600784,-309.68,91.75,108.81,-399.77,-54.74,1.99
600785,103.56,135.21,144.62,-19.66,109.03,8.35
600787,269.64,78.88,69.39,174.75,72.09,3.5
600789,-1305.97,3.45,-0.21,-1463.83,39.1,0.14
600790,328.3,76.13,74.69,125.63,74.41,2.54
600791,605.78,78.58,78.45,503.06,426.74,2.04
600792,-2023.87,-20.87,-10.04,-2125.25,-46.37,-0.63
600793,1467.84,55.19,-103.51,-949.38,3356.2,0.56
600794,-925.33,122.29,149.86,-1134.93,424.4,2.62
600795,819.12,107.38,104.47,672.97,64.3,2.32
600796,332.64,49.81,27.3,291.24,33.23,0.88
600797,95.94,37.83,32.42,-177.55,-50.49,0.92
600798,421.18,10.98,22.42,302.63,33.02,0.28
600800,-1089.09,-270.13,-142.4,-2321.25,-24.5,-0.30000000000000004
600801,786.57,101.98,95.98,635.4,146.76,8.4
600802,-2403.78,-43.43,-20.66,-2841.41,60.97,-1.03
600803,-472.82,81.83,71.24,21.22,79.48,3.64
600804,193.74,86.51,86.34,60.85,212.97,2.86
600805,126.56,177.24,185.53,71.97,-12.64,7.53
600806,-2687.65,-43.11,19.96,-3099.95,-51.58,-0.36
600807,-391.47,54.75,72.19,-231.85,823.21,0.7000000000000001
600808,-6519.54,-5.49,-21.38,-8012.52,31.76,-0.17
600809,239.99,208.86,207.68,80.42,176.61,9.2
600810,-1042.58,2.07,-5.96,-610.66,158.93,0.11
600811,205.17,74.7,78.07,32.46,245.15,3.47
600812,-41.03,4.99,24.12,-203.47,85.26,0.12
600814,-59.75,95.34,102.22,-33.04,9.85,2.32
600815,-9980.63,-119.93,-135.58,-11868.53,28.13,-2.42
600816,828.63,344.14,335.52,181.17,533.74,7.4
600817,-764.05,-25.69,-22.05,-801.14,-51.11,-0.17
600818,1693.96,134.88,134.0,551.0,-19.4,1.94
600819,-1395.98,9.88,9.64,-1542.75,18.82,0.29
600820,151.14,95.43,95.3,10.25,63.85,5.92
600821,-1719.58,-6.13,-23.8,-1868.19,-68.85,-0.08
600822,-11469.59,-900.67,-897.35,-61213.52,-55.5,-3.5300000000000002
600827,75.25,76.49,75.96,51.6,15.73,5.49
600828,91.84,182.58,189.08,99.83,109.64,3.48
600829,502.86,140.18,142.87,846.56,-41.79,4.49
600830,74.19,60.48,60.73,113.1,30.47,2.2
600831,179.21,69.62,67.33,76.49,133.62,2.09
600832,126.51,51.15,44.47,88.07,91.86,1.23
600833,115.55,66.76,66.39,54.97,49.69,1.6600000000000001
600834,16.9,63.17,67.77,-24.09,-15.11,1.5899999999999999
600835,198.3,134.31,134.74,32.6,44.85,8.83
600836,326.86,22.07,21.15,293.34,63.19,0.32
600837,187.59,83.16,84.41,54.02,206.11,5.86
600838,871.27,73.36,66.17,722.36,-90.86,1.5899999999999999
600839,-2956.18,6.07,3.62,-3262.9,112.04,0.22
600841,267.32,47.26,45.33,195.98,30.84,1.8599999999999999
600843,572.66,89.24,73.76,380.51,42.11,1.98
600844,-3461.52,-48.39,-53.92,-3502.68,211.83,-0.62
600845,91.92,147.75,162.97,-81.27,86.84,6.69
600846,676.52,178.32,162.04,288.88,303.36,4.5600000000000005
600848,-413.08,12.73,11.45,-545.59,30.36,1.19
600850,200.78,123.35,111.54,280.11,104.1,4.64
600851,694.56,21.05,12.3,627.23,-32.58,0.67
600853,492.9,41.43,27.56,476.52,190.75,0.63
600854,-985.92,-9.74,-10.09,-2444.22,227.65,-0.39
600855,-148.79,24.86,19.96,330.65,108.91,0.61
600856,-686.33,42.63,3.44,5762.81,248.98,1.32
600857,-860.74,-57.08,59.41,-1512.14,16.7,-0.72
600858,93.99,57.02,67.36,36.35,108.51,3.16
600859,84.27,102.13,106.21,-20.08,73.21,11.13
600860,-2276.29,-93.17,-122.34,-2542.23,-66.66,-1.73
600861,3.36,37.21,38.3,-21.81,31.39,2.54
600862,-7308.09,82.0,102.75,-8217.3,329.3,1.51
600863,213.09,97.56,71.05,129.31,12.54,2.25
600864,-72.42,75.39,84.67,-77.74,72.05,3.66
600865,-1.3599999999999999,78.07,85.09,-72.32,-27.54,2.41
600866,-2134.98,-33.53,-13.79,-2623.99,-23.07,-0.7000000000000001
600867,598.77,124.32,107.62,466.41,168.64,2.87
600868,654.44,19.02,23.53,612.53,-62.17,0.22
600869,307.94,74.66,19.52,1155.97,110.67,2.2
600870,-3824.11,-688.92,-551.22,-37455.36,-167.11,-1.11
600871,-64255.58,-83.59,-8.38,-97483.3,-54.86,-0.77
600872,220.25,86.57,76.71,136.43,148.64,2.49
600873,135.45,85.12,76.8,306.79,113.6,2.42
600874,86.15,72.92,70.03,36.28,64.53,2.06
600875,515.45,94.68,97.41,-283.2,13.33,7.2
600876,-4121.06,-152.27,-150.38,-5126.77,-83.37,-0.65
600877,-5176.73,-292.21,-147.85,-7642.49,-106.79,-1.29
600879,48.67,49.8,54.26,-51.87,112.34,2.26
600880,-79.07,105.16,123.94,-204.16,19.7,3.26
600881,623.5,43.19,43.61,467.26,171.58,1.7000000000000002
600882,-2640.55,-14.63,3.75,-2867.34,23.99,-0.08
600883,550.48,58.65,54.55,4297.07,81.02,1.49
600884,371.85,60.24,56.63,201.47,127.52,5.4
600885,99.35,96.3,106.45,-38.3,75.12,4.77
600886,376.85,117.51,109.61,340.79,99.41,4.16
600887,449.02,249.17,176.58,183.3,139.96,10.72
600888,-290.06,30.9,33.46,-422.13,230.16,1.9100000000000001
600889,10919.01,51.43,74.68,9111.79,155.11,1.6099999999999999
600890,136.93,9.85,-1.87,114.04,1086.2,0.05
600891,2763.29,97.71,95.23,2042.66,161.24,2.1
600892,15535.78,29.98,72.34,-7.62,1558.49,1.63
600893,134.77,62.73,66.67,-38.13,57.1,3.5
600894,-79.35,101.95,45.44,-284.73,-6.71,6.02
600895,21.72,67.25,76.42,-65.49,12.02,2.91
600896,-6031.78,-83.47,-39.55,-6392.66,-110.24,-2.18
600897,86.99,151.25,155.97,-24.02,95.23,11.2
600898,248.58,84.88,62.36,158.83,130.99,0.9
600900,159.18,122.79,115.91,65.0,137.61,5.99
600908,11.45,11.04,11.52,-4.17,13.16,0.54
600909,7.93,5.39,8.49,-36.51,10.65,0.18
600917,1.18,31.48,34.09,-22.4,0.28,0.71
600919,11.92,13.72,14.47,-5.18,7.58,1.03
600926,13.17,11.34,11.83,-4.14,2.83,1.24
600936,-32.99,5.68,11.53,-50.74,-3.09,0.12
600939,9.34,6.79,6.92,-1.88,4.12,0.2
600958,-14.84,14.87,31.36,-37.19,-2.2800000000000002,0.98
600959,2.5300000000000002,12.93,15.64,-34.16,65.62,0.43
600960,476.84,64.12,63.32,379.82,40.82,2.98
600961,-4453.45,-170.04,-199.65,-6173.43,62.69,-3.02
600962,-405.87,-15.31,-6.98,-475.01,-8.09,-0.53
600963,468.0,7.72,7.2,-2179.48,99.03,0.41000000000000003
600965,-633.14,49.79,44.85,-554.75,18.51,1.0
600966,-2001.36,37.88,29.72,-2157.95,114.24,1.52
600967,146.52,73.16,71.82,383.98,27.47,3.61
600969,131.56,72.31,34.83,-40.62,74.16,3.92
600970,1167.42,379.06,410.06,572.92,83.2,15.6
600973,2374.86,61.81,60.03,2144.01,176.7,3.0
600975,487.4,44.63,42.69,282.04,99.94,1.04
600976,284.22,81.27,74.83,247.51,86.48,4.8
600977,5.21,9.55,13.87,-31.15,14.63,0.52
600978,168.14,79.1,76.59,49.17,166.6,3.15
600979,129.07,60.35,62.08,-98.99,137.89,1.33
600980,-1608.24,-14.66,-20.68,-1758.53,-1.18,-0.04
600981,-87.42,62.95,59.74,448.03,48.34,1.6600000000000001
600982,270.67,92.91,93.82,91.49,87.5,3.35
600983,-7.86,154.13,175.54,-215.55,221.06,4.23
600984,-121.13,-34.09,-54.08,-361.16,241.76,-0.76
600985,293.73,90.83,91.2,43.92,130.06,3.86
600986,1027.25,56.73,49.98,585.79,460.99,1.8399999999999999
600987,166.69,160.85,154.8,51.88,58.02,6.09
600988,21.59,119.55,200.2,-166.87,189.82,2.33
600990,226.07,92.8,88.89,74.11,246.62,6.24
600991,372.09,7.85,7.58,352.62,30.66,0.35000000000000003
600992,-25.29,20.74,23.31,-71.48,40.79,1.08
600993,196.67,129.41,124.73,77.06,86.85,5.78
600995,33.33,94.01,104.18,-42.89,73.81,2.41
600996,-0.25,10.96,23.82,-53.99,12.42,0.42
600997,-448.06,65.33,84.0,-553.27,98.36,3.03
600998,162.46,64.18,70.07,-22.96,137.19,3.09
600999,178.65,90.81,117.2,-19.43,145.99,6.45
601000,165.79,92.86,95.92,-16.25,103.19,2.96
601001,-3320.29,24.88,50.81,-2948.78,20.76,1.88
601002,16214.12,35.87,35.69,14864.14,74.78,0.92
601003,2279.35,59.42,15.04,1850.33,59.83,1.35
601005,-27489.65,-184.14,-87.37,-36732.84,-29.82,-3.32
601006,108.29,146.41,150.07,21.81,61.16,6.79
601007,134.32,60.69,60.7,88.61,89.13,2.44
601008,-114.88,33.63,39.73,-173.03,24.25,1.12
601009,216.27,151.0,147.77,26.74,241.85,12.2
601010,-21.1,54.1,65.63,-73.18,5.73,2.41
601011,459.25,13.2,19.02,374.65,25.67,0.65
601012,948.58,75.62,43.35,652.73,292.26,3.66
601015,-54.44,4.62,6.55,-57.25,55.91,0.03
601016,116.03,15.41,15.57,52.13,51.23,0.30000000000000004
601018,20.08,62.82,68.36,-49.38,124.31,1.4100000000000001
601020,62.67,18.26,15.35,18.96,35.38,0.58
601021,54.49,52.75,65.06,-42.56,44.75,4.45
601028,-479.48,0.36,9.8,-611.98,-60.76,0.65
601038,-86.8,17.46,25.51,-107.15,-42.04,0.81
601058,178.14,51.16,51.27,62.41,88.6,2.3
601069,2.7199999999999998,12.89,18.73,-33.48,29.15,0.33
601088,120.67,137.92,142.22,41.5,98.45,16.4
601098,108.42,92.51,98.28,-25.31,84.71,5.19
601099,654.09,85.47,46.58,150.96,484.83,1.2
601100,329.44,32.07,52.87,238.07,128.25,1.76
601101,7308.39,55.55,66.65,6694.47,53.42,3.2
601106,-7373.42,-49.91,-16.36,-8152.61,131.21,-0.9500000000000001
601107,17.06,82.33,88.03,-53.63,162.03,2.8
601111,290.99,134.96,89.67,160.27,99.0,4.71
601113,3.9,15.69,23.2,-50.0,58.17,0.47000000000000003
601116,9.21,59.61,76.82,-84.09,-23.4,2.12
601117,83.52,103.82,122.15,-112.55,76.9,4.03
601118,-15323.52,-0.9,55.98,-16300.92,227.46,0.03
601126,62.31,64.85,81.66,-84.18,98.92,4.1
601127,41.14,17.65,15.93,10.8,35.46,0.81
601128,21.51,12.52,11.91,5.12,11.65,0.5700000000000001
601137,134.76,41.78,74.57,-15.82,105.31,3.04
601139,135.04,102.21,109.62,-36.25,131.09,2.64
601155,164.1,56.62,44.97,51.92,63.56,4.07
601158,87.73,90.89,89.13,48.83,32.55,2.39
601163,-41.4,6.1,19.57,-68.83,18.05,0.6000000000000001
601166,183.0,195.62,206.33,-49.15,181.37,24.29
601168,969.96,31.69,35.09,957.88,87.69,1.48
601169,136.89,151.3,155.53,-24.07,158.7,11.3
601177,-656.34,9.87,24.14,-734.67,-20.93,0.4
601179,212.08,23.63,46.85,125.37,3.74,0.8300000000000001
601186,201.07,109.37,107.28,50.02,128.89,7.13
601188,21.94,34.15,33.3,13.07,269.43,0.93
601198,-37.06,16.13,26.18,-69.99,-31.86,1.0
601199,90.87,61.56,61.39,15.89,83.26,3.16
601208,99.6,26.07,36.8,66.41,39.69,0.93
601211,-36.91,19.69,34.29,-69.95,-39.08,2.32
601212,-4.85,2.13,2.22,-4.05,1.22,0.04
601216,177.53,68.63,67.67,25.78,86.17,1.77
601218,299.9,14.23,14.88,277.65,-0.31,0.35000000000000003
601222,158.02,69.95,79.06,-58.3,79.88,5.02
601225,-15.32,27.51,12.44,-141.95,29.84,1.12
601226,-22.55,5.74,23.68,-55.15,-19.8,0.18
601229,7.13,12.63,14.35,-11.99,-3.7199999999999998,1.96
601231,122.15,92.18,98.12,-9.13,69.37,3.19
601233,996.71,30.9,17.0,729.23,45.92,2.69
601238,307.39,65.86,48.05,234.55,207.45,4.2
601258,-50.19,1.45,8.83,-71.22,26.53,-0.04
601268,-6448.2,-494.85,-171.84,-9122.04,-76.74,-9.06
601288,77.43,128.16,136.08,-41.06,67.45,3.5700000000000003
601299,168.1,55.71,61.78,-6.85,108.48,1.81
601311,56.22,84.64,91.75,-48.5,99.76,3.88
601313,-25.2,70.55,93.08,-123.04,32.47,2.83
601318,1095.01,155.45,135.44,2522.56,238.71,29.18
601328,99.61,145.7,155.16,-56.77,102.06,7.47
601333,21.82,44.04,45.94,-3.22,47.1,1.57
601339,110.01,36.1,34.78,65.1,24.14,2.26
601360,-25.2,70.55,93.08,-123.04,32.47,2.83
601368,42.78,22.76,22.4,3.8200000000000003,9.82,0.86
601369,-69.14,74.71,87.29,-111.47,-0.9,2.54
601377,266.66,68.75,74.68,97.86,185.16,2.48
601388,1180.28,16.79,7.05,1072.79,20.21,0.25
601390,613.03,97.02,87.75,485.2,123.9,3.9699999999999998
601398,103.89,177.96,183.0,-26.68,92.55,6.01
601500,-13.4,5.76,9.15,-37.05,12.03,0.2
601515,24.02,143.43,181.13,-93.97,64.2,4.78
601518,126.44,75.38,73.46,59.67,70.29,1.38
601519,-543.14,-83.8,-95.73,-461.12,67.82,-0.9400000000000001
601555,292.68,48.45,50.13,73.98,191.38,2.58
601558,-6146.38,-203.75,-130.82,-8197.66,-298.25,-1.92
601566,11.46,65.31,74.6,-49.59,16.77,5.0
601567,157.76,88.3,92.19,-15.74,72.04,4.02
601579,56.46,21.02,24.62,-42.29,44.02,0.98
601588,212.9,45.33,41.26,172.45,169.14,1.42
601595,8.82,12.87,19.62,-34.4,7.34,0.6900000000000001
601599,504.47,34.02,43.13,323.74,97.13,1.09
601600,-57489.92,-61.38,-64.91,-49649.8,112.96,-1.88
601601,312.68,95.56,87.07,502.12,151.6,10.66
601607,172.8,102.48,96.63,206.27,169.52,8.31
601608,-2697.93,-6.87,8.1,-2652.39,-33.37,-0.01
601611,6.83,9.51,10.72,-11.29,9.49,0.32
601616,-1532.16,10.48,41.1,-1659.35,-46.65,0.27
601618,-42.08,49.1,73.66,-193.24,43.11,1.26
601619,63.26,10.61,7.33,44.75,28.54,0.14
601628,174.37,99.95,96.1,203.99,77.99,8.42
601633,87.19,147.32,164.67,-64.23,138.28,9.8
601636,427.19,62.11,58.85,303.17,115.88,1.98
601666,-1143.03,75.3,96.48,-1292.76,15.62,3.63
601668,194.1,128.84,127.91,14.52,154.25,5.58
601669,42.05,75.44,87.82,-62.49,77.01,2.73
601677,201.02,33.77,41.95,124.94,56.69,2.49
601678,185.36,74.52,71.99,91.43,69.36,3.85
601688,226.64,63.76,65.18,77.88,161.03,5.63
601689,70.57,33.09,33.95,-0.5700000000000001,60.21,2.01
601699,832.78,127.3,153.77,721.93,62.81,9.95
601700,10.14,44.94,72.93,-70.75,63.95,2.6
601717,272.57,60.44,87.08,133.18,63.08,3.73
601718,57.93,56.74,61.17,-42.4,39.07,1.73
601727,-5.43,74.9,83.39,-84.31,13.22,1.8
601777,29.02,38.89,55.48,-67.65,69.22,2.09
601788,947.53,67.89,80.37,723.6,148.51,5.58
601789,81.19,56.28,62.8,-46.73,60.88,2.01
601798,-457.61,4.32,20.28,-511.82,12.11,0.24
601799,137.26,86.78,113.68,-56.36,178.67,7.87
601800,61.41,77.9,82.26,-26.08,51.69,5.49
601801,155.22,105.5,108.15,-3.06,132.3,4.75
601808,-1049.83,72.69,89.36,-1299.54,63.86,4.43
601811,42.69,11.29,8.22,37.35,15.57,0.75
601818,102.14,123.87,132.11,-45.52,106.21,4.21
601857,47.04,75.6,88.5,12.48,83.02,4.33
601858,32.59,12.37,13.83,-10.56,11.85,0.48
601866,-5061.67,-22.47,-32.34,-5959.93,-31.03,-0.62
601872,570.72,27.81,5.01,462.72,137.01,0.72
601877,180.96,185.33,214.29,-55.94,118.11,10.05
601880,-41.02,28.46,33.98,-93.83,126.61,0.75
601886,54.65,41.1,47.55,-47.81,118.31,2.32
601888,249.7,127.75,127.3,32.97,178.31,10.0
601890,441.22,15.82,35.83,369.65,-44.75,0.67
601898,-313.22,50.27,59.48,-386.2,56.23,2.91
601899,87.21,129.41,143.31,-20.35,194.01,1.6099999999999999
601900,56.81,27.48,30.54,-13.16,13.65,1.25
601901,323.02,43.67,42.1,124.35,196.5,1.51
601908,155.15,21.59,42.97,66.16,111.18,0.75
601918,-13379.57,2.17,25.54,-15332.99,58.06,0.9400000000000001
601919,-2175.42,-84.93,-76.38,-3913.66,-1.5899999999999999,-2.66
601928,50.16,62.94,70.71,-43.1,60.33,2.56
601929,2.18,49.49,66.25,-108.41,32.43,1.2
601933,244.69,75.38,92.56,-35.43,177.72,2.47
601939,104.77,176.45,182.33,-31.22,91.09,7.03
601958,-51.47,24.09,52.11,-52.0,70.0,1.0
601965,34.62,51.24,56.32,-38.18,95.13,2.37
601966,3.7199999999999998,12.57,16.34,-23.07,32.33,0.87
601968,-121.6,0.8200000000000001,5.61,-123.08,34.87,0.02
601969,-2885.75,-5.71,6.4,-3075.88,149.47,-0.12
601975,-4658.23,-43.52,-1.35,-4090.65,81.82,-0.6000000000000001
601985,18.91,22.19,24.2,-16.49,26.46,0.58
601988,109.8,146.39,148.41,-10.61,80.16,4.48
601989,-138.16,37.3,59.17,-160.36,-39.15,1.07
601991,250.03,45.26,44.0,137.31,66.21,1.31
601992,16.57,71.79,81.31,-76.17,115.31,3.71
601996,70.21,30.06,32.17,18.23,43.5,0.96
601997,23.98,19.76,21.67,-8.81,22.82,1.97
