证券代码,证券简称,净利润增长率%,加权平均ROE本期,加权平均ROE上年同期,加权平均ROE增长率%,营业收入增长率%,基本
600395,盘江股份,41307.50714285713,4.462142857142858,2.8957142857142864,51705.43928571429,13.222857142857135,0.1742857142857142
000150,宜华健康,14355.846666666666,12.627333333333334,11.058666666666669,8676.525333333333,228.5246666666667,0.6793333333333333
000662,天夏智慧,6314.704,3.4546666666666663,1.477333333333333,3138.476,30.774,0.15933333333333338
600136,当代明诚,6077.6286666666665,2.9866666666666672,1.8153333333333335,2375.204666666666,179.9013333333333,0.14266666666666666
000011,深物业A,4452.464666666666,7.378666666666666,8.081333333333331,3380.0013333333336,67.69133333333333,0.30533333333333335
600485,信威集团,3954.1859999999997,3.1646666666666667,7.420666666666667,-474.6033333333333,390.08866666666665,0.13533333333333333
600291,西水股份,3697.302,8.052,7.730666666666668,3087.1453333333334,25.473333333333336,0.8153333333333334
002555,三七互娱,2516.5073333333335,14.734,10.626666666666667,665.914,373.1806666666667,0.3926666666666667
000038,深大通,2050.1406666666667,3.377333333333333,-0.9013333333333337,6519.152,123.53733333333336,0.33266666666666667
000673,当代东方,1882.6446153846155,4.56,5.97,90.28615384615385,376.99538461538464,0.13615384615384618
000036,华联控股,1818.678666666667,15.489333333333331,11.579999999999997,1418.2479999999998,591.7580000000002,0.45866666666666667
600217,中再资环,1689.828,8.656999999999998,9.642000000000001,1191.103,23.877000000000002,0.086
002137,麦达数字,1570.4193333333335,3.7393333333333336,3.088666666666667,530.8240000000001,32.09466666666666,0.09733333333333334
000517,荣安地产,1188.0613333333333,4.581999999999999,4.569333333333334,1127.3586666666665,138.37533333333332,0.05866666666666667
002439,启明星辰,1144.832857142857,4.047857142857142,2.948571428571429,609.2642857142857,24.190714285714282,0.1042857142857143
002714,牧原股份,1057.8613333333333,16.752666666666666,14.432666666666668,732.7226666666667,58.49199999999999,0.9566666666666667
002133,广宇集团,1027.3666666666668,4.421666666666668,2.415833333333333,955.3633333333333,105.3675,0.17
600892,大晟文化,1027.3242857142855,-5.378571428571429,-5.66857142857143,-1078.317142857143,611.655,0.19214285714285717
002067,景兴纸业,1011.3378571428572,6.328571428571429,3.9107142857142856,951.9735714285714,23.22214285714286,0.20071428571428568
000609,中迪投资,972.6586666666666,3.8306666666666658,3.9633333333333325,884.4040000000001,1488.001333333333,0.18733333333333332
600516,方大炭素,968.0679999999999,11.81,3.949333333333333,735.4446666666664,74.95666666666666,0.6039999999999998
600710,苏美达,945.9153333333333,-3.4660000000000006,-6.44,-18.868,21.836666666666666,-0.051333333333333314
600771,广誉远,940.6946666666668,4.829333333333334,5.749333333333334,280.2426666666667,50.12733333333333,0.21066666666666667
000676,智度股份,869.516,2.816666666666667,-3.7079999999999997,64.83400000000002,280.08799999999997,0.218
600133,东湖高新,859.2159999999999,11.128666666666664,10.604666666666668,604.636,10.435333333333334,0.39399999999999985
000034,神州数码,844.8393333333333,11.191333333333331,16.515333333333334,315.9533333333333,2334.5820000000003,0.33799999999999997
600293,三峡新材,834.2993333333332,3.2280000000000006,1.6606666666666665,178.5873333333333,241.27066666666673,0.116
002648,卫星石化,831.336,3.7399999999999993,2.536666666666667,693.4486666666668,26.841333333333335,0.2133333333333333
002366,台海核电,825.0679999999999,14.451333333333334,9.739333333333333,210.10266666666666,89.488,0.4646666666666667
600145,*ST新亿,825.0466666666666,2.653333333333333,0.24666666666666667,415.75666666666666,819.1766666666666,0.02333333333333333
002102,ST冠福,785.1606666666668,3.824666666666667,2.3433333333333333,1206.8406666666667,208.81266666666667,0.08733333333333333
600070,浙江富润,732.5073333333331,2.905333333333333,1.4486666666666663,488.5186666666666,30.847333333333328,0.11333333333333334
600801,华新水泥,684.5466666666665,6.093999999999999,3.7126666666666663,645.0673333333333,15.37133333333333,0.48066666666666663
000567,海德股份,677.8960000000002,7.825333333333333,5.983333333333334,588.802,1660.9326666666666,0.14333333333333334
600753,东方银星,669.8566666666667,5.7139999999999995,4.367999999999999,564.4153333333335,467313.98799999995,0.06133333333333334
002016,世荣兆业,660.7873333333334,9.615333333333334,3.051333333333334,485.34666666666664,128.73600000000002,0.25866666666666666
600728,佳都科技,647.7506666666668,2.1846666666666668,2.0193333333333334,562.8246666666668,21.866,0.046000000000000006
601225,陕西煤业,636.304,6.63,3.0160000000000005,546.5720000000001,15.382666666666672,0.28200000000000003
002092,中泰化学,627.9593333333336,5.647333333333334,3.956000000000001,1297.932666666667,48.491333333333344,0.41733333333333333
002601,龙蟒佰利,607.2273333333331,7.037333333333332,4.156666666666667,184.35999999999999,79.16333333333333,0.47200000000000003
600393,粤泰股份,605.7800000000002,7.701333333333333,5.334,384.10733333333326,253.94199999999998,0.20599999999999996
002579,中京电子,601.624,5.302666666666667,4.754666666666667,544.5213333333334,34.12133333333333,0.11200000000000002
002239,奥特佳,600.5766666666667,5.0426666666666655,3.906666666666667,118.416,158.72733333333335,0.1373333333333333
002798,帝欧家居,598.7016666666667,6.06,4.8999999999999995,110.54166666666667,424.44000000000005,0.5183333333333334
002477,雏鹰农牧,586.7353333333334,3.4086666666666665,3.4566666666666657,397.67533333333336,49.51733333333333,0.064
600645,中源协和,549.1399999999999,6.442666666666667,5.675333333333334,675.1893333333333,24.21,0.26333333333333336
002068,黑猫股份,545.7286666666668,5.040000000000001,2.9579999999999993,466.294,10.623333333333331,0.19399999999999998
600592,龙溪股份,542.0673333333333,1.6526666666666665,1.3253333333333333,566.3953333333333,11.207333333333338,0.08000000000000002
600148,长春一东,539.266,2.8559999999999994,3.317333333333333,471.65733333333344,11.936666666666667,0.07866666666666668
000048,*ST康达,538.8446666666666,8.578000000000001,7.328,745.44,13.963333333333335,0.15933333333333335
600883,博闻科技,538.2513333333334,5.277333333333333,4.093999999999999,520.2926666666666,31.762666666666664,0.15266666666666667
600031,三一重工,537.5226666666666,4.326666666666667,2.599333333333333,249.13199999999998,15.899999999999997,0.1453333333333333
600387,海越能源,529.8626666666665,1.928,0.7900000000000001,-342.9126666666667,67.616,0.09266666666666667
002407,多氟多,528.9213333333333,6.573333333333333,5.069999999999999,373.5126666666667,18.332000000000004,0.28400000000000003
600326,西藏天路,517.5206666666667,7.198666666666667,5.412000000000001,461.3526666666667,53.989333333333335,0.21733333333333332
002466,天齐锂业,514.3213333333334,16.154000000000003,11.462,307.592,57.26200000000001,0.9420000000000002
002168,惠程科技,506.87800000000004,3.934666666666666,0.9653333333333334,490.37933333333336,153.3673333333334,0.076
000725,京东方Ａ,506.8593333333332,3.0000000000000004,2.4846666666666666,465.58600000000007,32.05466666666667,0.07200000000000001
601908,京运通,505.1706666666667,3.8699999999999997,3.0459999999999994,419.0200000000001,59.094,0.12400000000000001
601388,怡球资源,497.47933333333344,3.314666666666666,2.0080000000000005,455.56666666666666,14.22266666666667,0.04400000000000001
000960,锡业股份,477.0759999999999,-0.6813333333333337,-1.5280000000000002,149.4393333333334,11.741333333333332,-0.04199999999999997
600512,腾达建设,475.48428571428576,1.0971428571428572,1.432857142857143,137.95071428571424,12.726428571428572,0.024285714285714282
600701,*ST工新,475.34733333333344,-0.41133333333333355,-0.017333333333333624,48.834666666666664,61.117333333333335,-0.007333333333333334
000703,恒逸石化,473.07133333333337,6.83,3.1153333333333335,355.79733333333326,34.72533333333333,0.4146666666666667
000528,柳 工,466.1286666666666,2.055333333333333,1.162,467.2993333333333,16.903333333333332,0.16999999999999996
601699,潞安环能,465.8513333333334,4.102666666666667,2.6519999999999997,434.8533333333334,18.899333333333338,0.27266666666666667
600282,南钢股份,460.8513333333333,7.394000000000001,1.9626666666666668,370.84333333333336,16.269333333333332,0.17933333333333332
002529,海源复材,424.5019999999999,-0.04000000000000002,-0.4766666666666667,418.57,24.805333333333333,0.001333333333333331
600751,海航科技,415.31357142857144,1.1714285714285715,4.036428571428572,5.546428571428569,3119.9985714285717,0.05
002395,双象股份,408.564,1.6439999999999997,1.4413333333333334,334.87066666666664,18.544,0.07466666666666667
000766,通化金马,407.18333333333334,2.487333333333334,2.146666666666667,81.56,99.46266666666669,0.10800000000000001
002685,华东重机,397.58733333333333,2.4593333333333334,1.153333333333333,128.3473333333333,121.41866666666667,0.07533333333333335
600083,博信股份,396.86533333333335,10.31,7.911999999999998,297.4366666666666,660.3293333333334,0.025333333333333333
600348,阳泉煤业,389.9686666666667,3.468000000000001,2.3826666666666667,373.10733333333326,15.958666666666666,0.22866666666666663
600515,海航基础,389.78799999999995,3.702,3.3460000000000005,241.33866666666665,12.243333333333334,0.20133333333333334
002377,国创高新,387.9426666666667,1.1699999999999997,0.8193333333333334,118.588,167.95133333333334,0.044
600683,京投发展,387.5621428571429,2.9335714285714283,-0.6021428571428569,358.22857142857134,272.49142857142857,0.09000000000000001
600331,宏达股份,385.6153333333333,0.7313333333333332,-2.7946666666666666,94.89066666666665,12.506000000000002,0.018666666666666668
000815,美利云,385.4342857142858,0.5900000000000001,-16.06142857142857,353.3328571428571,43.20142857142857,0.01857142857142857
600990,四创电子,373.67400000000004,2.6126666666666662,3.1326666666666663,92.22733333333332,28.21933333333333,0.24533333333333332
002493,荣盛石化,370.3873333333333,6.932666666666667,3.972666666666668,240.36866666666668,32.01066666666667,0.27066666666666667
002613,北玻股份,358.71999999999997,1.2328571428571429,0.665,373.1792857142858,12.727142857142857,0.022857142857142854
600408,*ST安泰,352.5913333333334,-6.638000000000001,-16.263333333333335,308.21866666666676,44.96666666666668,-0.10666666666666666
000971,高升控股,352.544,-8.983333333333333,-20.241333333333333,34.279999999999994,345.1526666666667,0.084
000717,韶钢松山,352.37066666666675,0.7186666666666717,-22.791999999999998,-12.848000000000015,19.66333333333333,0.11800000000000005
000008,神州高铁,347.03600000000006,2.855333333333333,2.5986666666666665,40.78666666666666,79.46533333333333,0.064
000425,徐工机械,343.2873333333334,1.75,1.3813333333333335,388.21799999999996,21.682666666666673,0.046000000000000006
002388,新亚制程,338.2459999999999,2.328666666666666,1.9426666666666665,535.1513333333334,15.052666666666664,0.04200000000000001
000990,诚志股份,332.03999999999996,1.828,1.4413333333333331,-29.59466666666667,22.526000000000003,0.2013333333333333
600242,中昌数据,330.0700000000001,4.16,7.75,30.685000000000002,182.57000000000002,0.13999999999999999
002645,华宏科技,327.18533333333346,2.6086666666666662,1.5286666666666666,146.04066666666668,76.70666666666668,0.178
002619,艾格拉斯,326.8073333333333,4.146,2.995333333333333,88.41533333333334,24.182000000000002,0.18933333333333335
600301,ST南化,321.47000000000014,-0.9128571428571426,-3.7285714285714286,310.21428571428567,101.16714285714285,-0.008571428571428575
000821,京山轻机,317.92466666666667,4.338666666666668,1.9613333333333336,280.40400000000005,27.973333333333322,0.15666666666666665
002684,猛狮科技,316.11333333333334,-1.670666666666667,1.1846666666666663,96.10400000000003,76.00666666666666,-0.074
600725,ST云维,314.74999999999994,-87.268,-7.4159999999999995,-239.4,90.15200000000002,-0.194
002558,巨人网络,313.5833333333333,6.955333333333333,4.290000000000001,581.1093333333334,20.184000000000005,0.23533333333333337
600310,桂东电力,311.53333333333336,3.2179999999999995,3.5579999999999994,63.03133333333333,65.55533333333334,0.17733333333333332
600584,长电科技,309.07733333333334,1.5793333333333335,2.0813333333333333,172.55333333333334,48.175333333333334,0.07466666666666667
000560,我爱我家,301.0533333333334,1.4633333333333336,1.992,96.46733333333334,138.2146666666667,0.05400000000000002
600798,宁波海运,299.2726666666667,1.8033333333333335,0.8493333333333336,265.7393333333333,19.32933333333333,0.04733333333333334
002383,合众思壮,290.14214285714286,2.27,0.5371428571428571,8241.72357142857,100.01857142857143,0.15
000976,华铁股份,286.26399999999995,1.9340000000000004,-6.244,88.016,22.343999999999994,0.059333333333333335
002061,浙江交科,286.01000000000005,3.663333333333333,-2.288666666666666,139.69466666666665,25.79333333333334,0.1753333333333333
600984,建设机械,284.0,0.4719999999999998,-2.038,82.62333333333332,117.43933333333332,0.034666666666666665
000711,京蓝科技,279.4809090909091,2.451818181818182,-2.690909090909091,60.52727272727273,585.92,0.09363636363636364
002600,领益智造,277.72333333333324,2.7966666666666664,1.4266666666666667,45.95533333333333,132.49933333333334,0.08466666666666667
000863,三湘印象,275.3713333333334,4.34,4.800666666666667,180.76999999999995,361.778,0.164
600503,华丽家族,274.9573333333334,1.6839999999999997,1.231333333333333,204.232,137.66666666666663,0.03933333333333334
000004,国农科技,267.4186666666667,4.1000000000000005,2.6966666666666668,231.19733333333335,115.26399999999997,0.04533333333333334
002488,金固股份,266.0692857142857,-0.28000000000000014,0.7392857142857142,144.16714285714292,25.972142857142863,0.007142857142857137
000426,兴业矿业,265.78799999999995,3.463333333333333,2.8793333333333337,172.22133333333338,55.322,0.09533333333333335
000789,万年青,265.3593333333334,7.551999999999999,7.118,222.32333333333332,10.478,0.37399999999999994
002640,跨境通,264.41799999999995,8.241333333333333,5.961333333333331,73.05266666666667,215.67333333333335,0.264
002530,金财互联,262.194,2.5626666666666664,2.3073333333333332,29.754,35.15666666666666,0.126
002617,露笑科技,259.80400000000003,4.915333333333334,2.8480000000000003,224.72466666666665,29.392666666666667,0.1486666666666667
601233,桐昆股份,257.06533333333334,6.6080000000000005,3.500666666666666,208.53533333333334,12.512666666666666,0.5713333333333332
002359,北讯集团,254.2513333333334,1.0866666666666667,-1.0320000000000003,48.81133333333333,73.446,0.07866666666666666
002399,海普瑞,252.67400000000004,2.876,2.7359999999999998,294.0346666666666,27.728,0.23666666666666666
600325,华发股份,249.21533333333338,5.968000000000001,4.156666666666667,241.12333333333333,59.08866666666666,0.442
002586,围海股份,248.9964285714286,2.087857142857143,2.1685714285714286,84.61857142857146,21.738571428571422,0.06500000000000002
000735,罗 牛 山,247.47866666666673,3.7906666666666666,2.0493333333333337,142.97799999999998,19.351333333333336,0.11200000000000002
002208,合肥城建,246.7853333333333,3.812666666666667,3.354,221.24733333333336,41.23933333333334,0.20000000000000004
002075,沙钢股份,243.39062499999997,8.41375,3.7281250000000004,191.47375000000005,15.54375,0.13125
600641,万业企业,241.27400000000003,11.995333333333331,9.431999999999999,161.46266666666668,48.834666666666664,0.7493333333333333
002346,柘中股份,241.18933333333334,4.450000000000001,3.580666666666666,1074.1306666666667,21.429999999999996,0.1706666666666667
002356,赫美集团,239.3066666666667,2.809333333333333,4.141333333333333,176.67000000000002,61.76199999999999,0.14733333333333334
600010,包钢股份,235.5353333333333,0.10066666666666672,-0.6526666666666666,-13.146000000000049,25.93733333333334,-0.001999999999999997
600077,宋都股份,233.6406666666667,0.9546666666666667,0.28733333333333344,317.584,62.029999999999994,0.028000000000000008
600702,舍得酒业,232.610625,3.5106249999999997,1.5368750000000002,220.26000000000002,12.173750000000002,0.25937499999999997
002463,沪电股份,226.61599999999999,2.520666666666666,0.940666666666667,218.02999999999994,10.985333333333333,0.05266666666666666
000830,鲁西化工,225.11200000000002,8.166666666666668,3.7866666666666666,289.1933333333334,16.698666666666668,0.4313333333333333
002362,汉王科技,224.67333333333332,1.7873333333333337,1.1613333333333336,215.43400000000005,16.281333333333333,0.064
000718,苏宁环球,221.51533333333333,6.906666666666666,6.142,172.19666666666666,60.333999999999996,0.16933333333333334
002298,中电兴发,221.30571428571426,2.157857142857143,1.6621428571428571,85.65214285714286,42.878571428571426,0.11285714285714286
002314,南山控股,220.3142857142857,3.2307142857142854,-1.6314285714285717,127.27642857142858,41.68142857142857,0.10357142857142856
600230,沧州大化,219.56769230769234,9.692307692307692,3.949999999999999,89.19846153846156,13.753846153846156,0.7769230769230768
600678,四川金顶,216.35363636363644,-28.94000000000001,-48.00545454545455,-521.9390909090909,62.16272727272729,-0.0063636363636363664
000980,众泰汽车,214.61199999999997,2.6719999999999997,2.182,22.41466666666667,255.30399999999997,0.15066666666666664
600246,万通地产,214.42533333333333,1.2733333333333332,0.6493333333333335,145.268,52.61066666666667,0.04266666666666669
600975,新五丰,214.38466666666667,3.6186666666666674,2.1066666666666665,129.52333333333334,10.471333333333332,0.0713333333333333
600986,科达股份,211.88733333333332,4.880666666666668,4.333333333333332,65.512,146.98133333333334,0.2393333333333333
601100,恒立液压,208.72333333333333,4.4286666666666665,2.0633333333333335,192.8853333333333,45.58466666666666,0.23466666666666663
000078,海王生物,202.62266666666665,8.05,6.912000000000001,145.672,42.86066666666667,0.172
002118,紫鑫药业,199.79066666666665,2.997333333333333,1.0859999999999999,139.33599999999998,31.380666666666666,0.09800000000000002
600679,上海凤凰,199.0,1.7086666666666663,1.2826666666666668,112.57199999999997,33.10333333333334,0.057333333333333326
002145,中核钛白,197.66687499999998,4.098125000000002,2.4306249999999996,173.808125,21.231874999999995,0.060625
002036,联创电子,195.95214285714286,8.975714285714284,7.325000000000001,178.62714285714284,61.985,0.2485714285714286
600711,盛屯矿业,195.88066666666666,4.354666666666666,2.71,169.482,82.45266666666666,0.12733333333333335
600093,易见股份,194.83733333333336,6.877999999999999,6.382666666666665,11.449333333333335,598.6533333333333,0.336
600848,上海临港,193.882,3.6986666666666674,0.16133333333333422,82.09800000000001,20.636666666666667,0.184
000597,东北制药,188.42666666666668,-0.25600000000000006,-0.2960000000000001,195.72,13.92666666666667,-0.020666666666666656
000856,冀东装备,186.99357142857139,-3.7857142857142856,-8.65,148.95499999999993,10.682142857142859,-0.0735714285714286
600667,太极实业,186.51800000000003,2.5940000000000003,1.498,184.96866666666668,18.776666666666667,0.064
002624,完美世界,186.3273333333333,12.366000000000001,10.388666666666667,119.37733333333333,46.92333333333333,0.48933333333333334
000833,粤桂股份,185.81266666666667,1.7746666666666668,0.936,207.13600000000002,11.346000000000004,0.06733333333333333
600216,浙江医药,184.86733333333325,3.317333333333333,2.5853333333333333,169.964,10.403333333333336,0.24866666666666667
600884,杉杉股份,184.73866666666666,6.5293333333333345,6.042666666666667,118.81466666666665,22.080666666666666,0.6346666666666666
600745,闻泰科技,183.70000000000007,0.7013333333333333,1.204666666666667,317.0766666666667,423.086,0.04066666666666667
600466,蓝光发展,182.9133333333333,3.384,1.9579999999999995,95.28399999999998,54.837333333333326,0.14333333333333334
600793,宜宾纸业,182.60600000000005,8.189333333333328,-10.795333333333335,59.41933333333334,84360.64599999998,0.38599999999999995
600737,中粮糖业,182.50133333333335,4.229333333333334,2.0700000000000003,162.17133333333334,27.595999999999997,0.14266666666666666
002295,精艺股份,181.12933333333334,1.706666666666667,-0.2200000000000001,171.79866666666666,28.928666666666665,0.07666666666666667
600258,首旅酒店,180.266,5.658000000000001,5.798,13.557333333333332,93.05199999999998,0.3773333333333333
601168,西部矿业,179.4646666666667,1.5426666666666666,0.8900000000000001,179.89466666666664,11.56733333333333,0.07466666666666667
600570,恒生电子,178.27866666666668,8.270000000000001,8.146666666666667,142.51266666666666,29.7,0.3346666666666666
000952,广济药业,178.154,9.004000000000001,1.9980000000000004,155.95199999999994,20.39733333333333,0.24333333333333335
002709,天赐材料,177.28799999999998,12.541333333333332,9.500000000000002,90.67933333333333,39.92,0.7593333333333334
600256,广汇能源,172.94,2.960666666666667,4.7446666666666655,143.01266666666666,31.27733333333332,0.06666666666666667
601155,新城控股,172.16,13.198749999999999,9.715,106.42750000000001,56.14,1.02375
002195,二三四五,171.49866666666668,6.803999999999999,5.998666666666667,13.907333333333334,71.966,0.19933333333333333
600531,豫光金铅,166.54399999999998,2.8626666666666676,2.257333333333334,127.55733333333332,21.502000000000002,0.06200000000000002
600769,祥龙电业,165.796,7.599333333333334,6.593333333333334,142.06066666666666,94.136,0.008666666666666666
002583,海能达,164.58333333333331,2.1326666666666667,1.2713333333333334,142.64466666666667,51.53599999999999,0.03466666666666667
002582,好想你,164.248,2.118666666666667,2.0453333333333337,81.22200000000001,83.27000000000001,0.1686666666666667
000037,深南电A,163.19733333333335,-0.9186666666666657,-3.6239999999999997,135.9453333333333,20.05666666666667,0.02866666666666664
000420,吉林化纤,162.8406666666666,1.2893333333333337,14.113333333333335,48.47333333333335,26.526666666666664,0.020000000000000007
000016,深康佳Ａ,161.99933333333323,1.0226666666666662,-3.6180000000000003,-178.78666666666675,21.70733333333333,0.09533333333333327
600251,冠农股份,161.7286666666667,3.8040000000000007,5.1386666666666665,154.82266666666666,19.572,0.09933333333333333
002446,盛路通信,161.68800000000002,4.605333333333333,4.2780000000000005,60.895999999999994,43.30133333333333,0.19199999999999998
002124,天邦股份,161.54466666666667,9.014666666666667,8.754666666666667,7.8940000000000055,12.873333333333331,0.22333333333333327
000687,华讯方舟,160.27999999999994,2.533333333333333,0.8446666666666671,191.35599999999997,45.39200000000001,0.044666666666666674
000938,紫光股份,157.45200000000003,3.6913333333333336,4.083333333333333,-7.026666666666667,53.42000000000001,0.6600000000000001
002460,赣锋锂业,156.99333333333334,16.352000000000004,10.773333333333335,90.57000000000001,65.54333333333334,0.6173333333333333
002044,美年健康,156.87733333333335,3.135333333333333,3.8553333333333337,-23.043333333333337,48.70399999999999,0.05800000000000001
000936,华西股份,154.97,3.9926666666666666,3.480000000000001,90.13066666666667,12.189333333333334,0.17333333333333328
002724,海洋王,152.37666666666667,3.0383333333333327,2.9258333333333333,141.49833333333336,11.866666666666665,0.09666666666666668
600111,北方稀土,152.18199999999996,2.1586666666666665,2.467333333333334,145.67666666666668,36.51200000000001,0.051333333333333335
002523,天桥起重,150.64199999999997,2.9726666666666666,2.2700000000000005,118.94133333333333,28.175333333333338,0.062000000000000006
601788,光大证券,150.338,7.085333333333335,7.280000000000001,106.33200000000001,58.32666666666667,0.6533333333333334
601918,新集能源,149.87199999999999,-1.8579999999999999,-7.726,120.65533333333333,10.99933333333333,-0.05599999999999999
002196,方正电机,149.37333333333333,2.5753333333333335,2.0946666666666665,57.56666666666667,25.225333333333335,0.1653333333333333
002103,广博股份,148.42733333333334,3.464,2.854666666666666,81.42466666666665,30.423333333333336,0.12800000000000003
002384,东山精密,148.07466666666667,3.928666666666666,2.946,52.90533333333333,63.045999999999985,0.17200000000000001
000042,中洲控股,146.30266666666665,6.592,6.553333333333333,122.31866666666663,41.882666666666665,0.5573333333333335
601011,宝泰隆,145.87466666666668,1.7413333333333332,1.384,123.79533333333333,22.199333333333332,0.06333333333333335
600185,格力地产,145.15466666666666,11.735333333333331,11.942,100.46000000000001,324.8286666666667,0.596
000408,藏格控股,143.7457142857143,5.619285714285714,-0.9014285714285722,187.33999999999997,42.40428571428572,0.18214285714285713
000564,供销大集,143.4753333333333,1.8406666666666667,1.9313333333333333,87.02133333333332,18.92733333333333,0.08066666666666668
600715,文投控股,143.32888888888888,5.701111111111111,7.808888888888889,-27.236666666666665,113.82333333333332,0.1622222222222222
000985,大庆华科,143.3286666666667,1.556,2.065333333333333,113.98866666666669,12.993999999999998,0.06133333333333333
000548,湖南投资,143.01999999999998,2.7806666666666664,2.2619999999999996,201.69333333333333,105.22933333333334,0.08600000000000002
600782,新钢股份,142.97666666666672,7.0566666666666675,2.3320000000000003,103.53933333333333,17.708000000000002,0.276
000799,酒鬼酒,142.50933333333333,4.531999999999999,1.9926666666666668,144.61933333333334,34.29933333333333,0.24533333333333335
600392,盛和资源,142.50733333333335,2.156666666666667,2.2313333333333336,12.894666666666671,131.1746666666667,0.07200000000000001
600053,九鼎投资,141.72200000000004,11.126666666666667,10.046666666666669,81.30866666666665,42.72866666666666,0.36933333333333335
002218,拓日新能,140.88333333333335,2.286666666666667,1.6406666666666667,111.95533333333334,28.395999999999997,0.07600000000000001
002097,山河智能,140.7893333333333,2.5693333333333337,1.1633333333333333,115.22533333333331,36.96399999999999,0.09666666666666668
000667,美好置业,139.6726666666667,3.920000000000001,3.5340000000000007,124.578,13.313333333333327,0.09733333333333334
002006,精功科技,138.23333333333332,3.0213333333333328,1.8293333333333335,127.13933333333331,10.899999999999997,0.06400000000000002
600693,东百集团,137.93266666666665,3.3346666666666667,5.992,115.75666666666666,23.169333333333334,0.08733333333333333
002155,湖南黄金,136.48399999999995,2.344666666666667,2.001333333333333,105.28666666666666,26.618666666666666,0.08266666666666668
600110,诺德股份,136.17666666666668,0.5933333333333335,-1.528,117.33000000000001,12.605333333333332,0.021333333333333336
600576,祥源文化,135.8226666666667,2.277333333333333,0.9906666666666669,57.56466666666666,2196.520666666667,0.060666666666666674
002721,金一文化,135.476,3.6993333333333336,3.7193333333333327,35.46066666666666,44.977333333333334,0.15066666666666667
000636,风华高科,132.91599999999997,3.509333333333333,1.7313333333333334,106.15666666666668,20.029999999999994,0.1833333333333333
002587,奥拓电子,132.39500000000004,5.868571428571428,5.387857142857143,103.79214285714286,68.59357142857142,0.10857142857142858
600330,天通股份,131.82333333333332,2.7600000000000002,1.8919999999999995,58.17066666666666,21.570666666666668,0.11266666666666666
002803,吉宏股份,131.28666666666666,11.441666666666665,7.426666666666667,72.35000000000001,102.59166666666668,0.5316666666666666
002215,诺 普 信,130.95,7.400666666666667,6.648666666666666,72.42933333333335,13.318666666666667,0.14333333333333337
601012,隆基股份,130.09466666666668,11.49066666666667,9.282666666666668,45.252,71.42666666666666,0.5273333333333334
002755,东方新星,129.608,0.768,1.359,130.531,39.705,0.03300000000000001
600171,上海贝岭,127.46000000000001,2.9746666666666663,2.185333333333333,111.15333333333332,13.950666666666669,0.08666666666666668
002753,永东股份,127.28999999999999,10.159,6.351999999999999,86.49800000000002,54.126999999999995,0.4960000000000001
002221,东华能源,126.47866666666667,7.454666666666668,5.617999999999999,54.41933333333334,39.16866666666667,0.30266666666666675
002505,大康农业,126.22466666666668,0.4093333333333333,0.296,256.176,189.6146666666667,0.0026666666666666666
000561,烽火电子,125.50285714285712,2.1992857142857143,1.9778571428571425,108.80785714285716,14.879999999999999,0.04071428571428572
002683,宏大爆破,125.08066666666666,2.429333333333333,3.198,67.10733333333333,10.105333333333332,0.10733333333333334
002176,江特电机,125.04733333333334,3.7806666666666673,2.7786666666666666,61.98266666666667,73.12133333333333,0.0986666666666667
000802,北京文化,124.492,1.8566666666666665,2.078,-31.552,44.494,0.10466666666666667
002696,百洋股份,123.8342857142857,2.532142857142856,2.232142857142857,34.006428571428565,18.272142857142857,0.15714285714285717
600460,士兰微,123.07466666666666,2.7773333333333334,2.844666666666667,105.80933333333331,13.792,0.05866666666666667
002159,三特索道,121.99066666666666,0.2926666666666668,-2.6806666666666668,110.18466666666669,14.661333333333333,0.029333333333333343
000056,皇庭国际,121.55769230769232,1.7107692307692308,-1.103846153846154,78.66076923076922,102.31307692307692,0.09000000000000001
600730,中国高科,120.97866666666667,6.338666666666667,9.120666666666667,90.96133333333334,118.22000000000004,0.206
000892,欢瑞世纪,120.28000000000002,5.41625,5.46125,137.74,92.8125,0.14999999999999997
600781,辅仁药业,120.19466666666666,6.256666666666666,4.483333333333333,47.85999999999999,86.914,0.30866666666666664
601020,华钰矿业,119.90428571428572,8.332857142857144,6.945714285714286,75.75,83.17714285714285,0.27285714285714285
600188,兖州煤业,118.86,4.926666666666666,3.4820000000000007,93.27400000000002,42.616,0.4766666666666667
600097,开创国际,118.43266666666663,-3.298666666666667,-3.245333333333334,-169.48533333333333,38.588,-0.11066666666666668
600590,泰豪科技,117.84266666666667,2.173333333333334,1.06,85.102,23.955333333333332,0.11733333333333335
002858,力盛赛车,117.42666666666668,0.6366666666666668,-1.2066666666666668,84.14,133.51333333333332,0.006666666666666668
600490,鹏欣资源,117.06733333333332,2.7306666666666666,2.3933333333333335,31.503333333333337,66.486,0.05733333333333334
002636,金安国纪,117.05133333333333,9.657333333333332,7.031333333333333,89.21933333333332,15.441333333333336,0.24266666666666664
002341,新纶科技,116.89866666666666,2.0973333333333333,2.0166666666666666,46.28066666666666,26.067999999999998,0.10333333333333335
600260,凯乐科技,116.89533333333334,7.45,4.885333333333333,68.31866666666669,86.92333333333333,0.4093333333333334
601899,紫金矿业,115.868,5.246666666666667,4.625333333333333,104.64,20.529999999999998,0.07466666666666666
000613,大东海A,115.46625000000004,-0.6062500000000001,-0.9400000000000001,125.55,10.940625,-0.0018750000000000004
600708,光明地产,115.18,5.755999999999999,4.583333333333333,79.06199999999998,10.824666666666667,0.3213333333333333
002751,易尚展示,115.023,3.7980000000000005,4.41,85.575,13.371,0.14300000000000004
600507,方大特钢,114.28249999999998,23.78125,17.978749999999998,82.70312499999997,14.910625,0.6499999999999999
600365,通葡股份,114.22642857142857,0.3992857142857143,0.2942857142857143,95.59214285714286,111.10571428571428,0.009285714285714284
000672,上峰水泥,113.66266666666664,11.882000000000001,9.057333333333334,187.02,11.452000000000004,0.29399999999999993
600215,长春经开,113.6006666666667,0.3053333333333333,-0.5326666666666666,112.11733333333333,12.550666666666668,0.017333333333333333
600146,商赢环球,113.59733333333335,-5.267999999999999,-6.957999999999999,56.13999999999998,4995.568000000001,0.013999999999999993
002343,慈文传媒,113.22066666666667,9.528666666666668,7.261333333333334,67.34400000000001,443.96933333333334,0.43666666666666665
000957,中通客车,112.64785714285713,9.35,15.784285714285714,13.579999999999988,23.20285714285714,0.47357142857142864
601636,旗滨集团,112.07466666666666,6.95,5.066666666666666,83.954,12.707333333333333,0.17533333333333329
600176,中国巨石,111.93666666666665,11.077333333333334,9.503333333333334,67.32333333333334,16.272000000000002,0.49533333333333324
002079,苏州固锝,110.92,3.154666666666667,2.6886666666666668,98.22466666666666,25.918000000000003,0.06200000000000001
600673,东阳光科,110.52733333333332,4.470666666666667,2.7060000000000004,95.35999999999999,17.648666666666667,0.08133333333333334
002537,海联金汇,109.40066666666668,4.1659999999999995,3.674,42.312000000000005,20.71466666666667,0.24266666666666664
002517,恺英网络,109.38285714285713,21.976428571428567,16.733571428571427,4100.713571428571,20.73357142857143,0.47357142857142864
600308,华泰股份,109.30666666666669,3.278,1.7646666666666666,101.15266666666668,14.198666666666666,0.19333333333333336
002130,沃尔核材,109.236,8.29,8.816666666666666,56.394,18.256666666666664,0.22133333333333335
600549,厦门钨业,109.03933333333335,2.3120000000000007,2.211333333333333,113.55666666666663,24.655333333333335,0.1326666666666667
000006,深振业Ａ,107.90733333333334,6.633999999999999,5.548,91.40066666666667,76.10066666666665,0.24266666666666664
002374,丽鹏股份,107.87933333333332,2.562,2.81,51.086,31.85866666666667,0.10800000000000001
002279,久其软件,107.586,4.048,2.9726666666666675,67.48333333333333,89.97533333333334,0.166
600862,中航高科,107.56799999999998,1.7113333333333332,-1.9106666666666665,155.0113333333333,92.07600000000001,0.05266666666666668
000498,山东路桥,106.75733333333336,6.570666666666666,6.502,35.03600000000001,28.691333333333333,0.19799999999999998
600736,苏州高新,105.96666666666667,4.024666666666667,3.226666666666667,66.61733333333332,28.989333333333335,0.18533333333333332
000055,方大集团,105.93624999999999,13.334374999999998,9.880625,47.86562500000001,16.741875,0.344375
002247,聚力文化,105.64133333333331,6.129999999999999,5.822666666666667,15.480666666666668,55.18066666666666,0.29
002160,常铝股份,105.26266666666668,-2.438666666666667,2.774,-132.8486666666667,18.308000000000003,0.09733333333333333
000039,中集集团,104.73266666666667,3.5546666666666673,3.9073333333333338,71.97333333333333,11.808666666666662,0.3346666666666667
002127,南极电商,104.64666666666666,11.078,2.8333333333333344,214.196,105.55733333333332,0.13
600638,新黄浦,104.08533333333334,6.448666666666666,4.507333333333333,129.88133333333332,19.696666666666662,0.36466666666666664
002371,北方华创,104.06142857142856,2.047857142857143,1.5192857142857144,84.7207142857143,30.782142857142855,0.135
002418,康盛股份,103.93133333333334,3.6873333333333336,2.6926666666666668,126.19733333333332,13.194,0.09266666666666667
002502,骅威文化,102.98200000000001,3.886,3.5946666666666665,29.407333333333334,15.008000000000003,0.16333333333333336
000587,金洲慈航,102.53066666666665,5.589333333333332,6.766666666666667,-21.167333333333332,16.464000000000002,0.292
002673,西部证券,102.50066666666667,7.149333333333333,8.334666666666667,32.38733333333333,61.815333333333335,0.28
000031,中粮地产,102.08466666666666,6.617999999999999,5.025333333333333,80.962,41.38399999999999,0.22999999999999998
002637,赞宇科技,101.97466666666666,3.4373333333333345,2.993333333333333,67.85533333333333,34.76466666666666,0.17400000000000002
600369,西南证券,101.82533333333332,5.949333333333332,6.844666666666666,74.18066666666667,28.612,0.23466666666666663
002001,新 和 成,101.23266666666663,8.777333333333333,6.962,56.54799999999999,28.05333333333333,0.6553333333333333
600135,乐凯胶片,101.17666666666668,2.0233333333333334,2.0706666666666664,51.102,22.056666666666672,0.08666666666666668
002015,霞客环保,100.6525,0.5025,-5.0375,100.89000000000001,32.4325,0.0025
002171,楚江新材,100.27866666666665,5.5153333333333325,4.339333333333333,44.52066666666666,14.602,0.2
002562,兄弟科技,100.23066666666666,6.532,5.147333333333332,58.839999999999996,21.685333333333332,0.25066666666666665
002115,三维通信,99.9866666666667,1.2900000000000003,-0.35,46.37200000000002,49.23133333333333,0.04266666666666666
002499,科林环保,99.356,3.2793333333333328,2.5073333333333334,92.15933333333334,49.46933333333333,0.12533333333333335
000005,世纪星源,99.09533333333334,0.8340000000000001,0.32866666666666666,67.43666666666667,145.0,0.014666666666666666
000090,天健集团,99.048,4.784000000000001,4.868,74.58999999999999,13.756,0.2786666666666667
600346,恒力股份,98.90266666666666,2.474000000000001,-5.041333333333332,25.101999999999997,15.497333333333332,0.18000000000000005
000158,常山北明,98.85666666666667,0.948,0.1906666666666666,75.73666666666666,16.566,0.038666666666666655
600614,鹏起科技,98.75466666666668,3.0673333333333326,2.8499999999999996,26.035999999999998,20.272666666666666,0.08466666666666668
600178,东安动力,98.208,2.055333333333333,1.492666666666667,93.06866666666666,32.28,0.08133333333333333
002365,永安药业,97.66733333333335,4.492666666666666,2.932666666666667,85.804,16.166666666666664,0.2693333333333333
000096,广聚能源,96.91466666666666,5.5793333333333335,5.349333333333333,84.51,16.600666666666662,0.222
002094,青岛金王,96.854,8.984666666666666,8.161999999999999,30.54866666666667,58.284000000000006,0.36066666666666675
600383,金地集团,96.55,6.046666666666667,4.515333333333334,79.89266666666666,19.432666666666666,0.4973333333333334
002039,黔源电力,95.78933333333333,7.362000000000001,6.903333333333334,80.25133333333333,29.091333333333335,0.522
002107,沃华医药,95.666875,7.201875000000001,6.183749999999999,95.03562500000001,15.859375,0.11250000000000002
002166,莱茵生物,95.64933333333333,6.892666666666667,6.849999999999999,25.705333333333336,15.777333333333333,0.15399999999999997
002614,奥佳华,95.46000000000001,5.252142857142856,4.195714285714286,80.57428571428571,18.49142857142857,0.24714285714285714
600671,天目药业,95.34599999999995,1.6739999999999997,-5.482,24.885333333333357,56.25333333333333,0.017333333333333326
600779,水井坊,95.19466666666668,11.005333333333333,2.5860000000000003,85.38666666666668,83.124,0.3379999999999999
600419,天润乳业,95.13428571428572,8.350000000000001,6.9385714285714295,28.040714285714284,49.96571428571429,0.49571428571428583
000975,银泰资源,94.60933333333335,3.6666666666666674,3.4499999999999997,13.738666666666669,54.838,0.13399999999999998
600452,涪陵电力,93.598,16.561333333333334,15.508666666666668,47.58266666666667,19.17133333333333,0.7893333333333332
600208,新湖中宝,93.37666666666664,4.846666666666666,4.235333333333333,53.522,24.222666666666665,0.14800000000000002
600406,国电南瑞,92.56500000000001,7.025714285714285,7.434285714285712,79.78785714285712,11.35357142857143,0.27499999999999997
002326,永太科技,92.18666666666668,7.843333333333334,6.347333333333333,44.73533333333333,35.701333333333324,0.22400000000000003
600648,外高桥,91.84733333333334,4.3933333333333335,4.225333333333333,57.87066666666667,12.32933333333333,0.36666666666666686
002712,思美传媒,91.42066666666666,5.972666666666667,5.600666666666667,33.218,34.141333333333336,0.45400000000000007
600094,大名城,91.286,5.014666666666667,5.105999999999999,53.60066666666667,55.88533333333333,0.18133333333333332
000488,晨鸣纸业,90.98466666666667,6.274666666666667,4.589333333333332,60.938,15.17733333333333,0.5633333333333334
000967,盈峰环境,90.89857142857143,4.392142857142857,3.664285714285714,28.995,14.932857142857141,0.1842857142857143
002602,世纪华通,90.59933333333332,7.836666666666668,6.923333333333334,26.724666666666668,51.83133333333333,0.382
002323,*ST百特,90.42666666666668,16.426,14.24,549.3713333333333,427.54466666666667,0.192
600160,巨化股份,90.07866666666669,3.928666666666667,1.8213333333333332,16.666666666666654,14.943333333333332,0.17999999999999997
002080,中材科技,88.88333333333334,5.4346666666666685,4.606000000000001,65.864,18.11266666666667,0.45133333333333336
600309,万华化学,88.81999999999998,19.81642857142857,15.867142857142854,37.645,35.03857142857142,1.4357142857142853
601717,郑煤机,87.896,1.6253333333333337,1.258,76.83866666666667,54.92666666666666,0.10200000000000004
000537,广宇发展,87.84800000000001,8.81,7.176666666666666,111.50666666666666,56.97199999999999,0.42400000000000004
600487,亨通光电,87.61733333333332,12.300666666666668,9.573333333333334,44.381333333333345,38.577333333333335,0.6273333333333333
002819,东方中科,84.03500000000001,3.4475000000000002,3.645,2916.8875000000003,15.6025,0.13
000513,丽珠集团,83.36533333333335,14.273999999999997,12.304666666666666,25.54466666666667,15.526666666666666,2.0240000000000005
600629,华建集团,83.34666666666666,9.416666666666666,7.391333333333332,1074.9366666666667,14.200666666666667,0.286
002222,福晶科技,83.19133333333333,8.345333333333336,5.023999999999999,73.842,28.972666666666672,0.14733333333333334
600328,兰太实业,83.14666666666672,3.652000000000001,1.7486666666666664,43.92200000000001,10.834666666666667,0.18133333333333337
002280,联络互动,83.07199999999999,6.863333333333333,9.97,901.4466666666667,356.6986666666666,0.12266666666666667
002748,世龙实业,82.73545454545456,6.550909090909091,6.004545454545454,54.39090909090908,13.881818181818181,0.29636363636363633
000883,湖北能源,82.568,6.532,6.323333333333334,60.39933333333333,14.572666666666667,0.22133333333333335
002301,齐心集团,82.54400000000001,3.4779999999999998,2.6759999999999993,59.04666666666666,26.476666666666667,0.12466666666666666
002322,理工环科,82.12666666666668,2.9166666666666665,2.3313333333333333,18.096000000000018,64.21466666666669,0.20933333333333332
002654,万润科技,81.9,3.72,4.0840000000000005,4.450666666666666,78.19666666666667,0.116
600409,三友化工,81.77733333333332,8.871333333333332,6.630666666666667,59.432000000000016,14.98466666666667,0.3686666666666666
000683,远兴能源,81.50600000000003,2.5873333333333335,0.8933333333333332,62.538,11.680666666666665,0.06333333333333334
000836,富通鑫茂,81.40133333333334,1.4633333333333332,-2.521333333333333,76.184,31.663333333333334,0.020666666666666667
002759,天际股份,80.95899999999999,3.5460000000000003,6.6,-49.096000000000004,42.337,0.16599999999999998
000632,三木集团,80.558,0.6253333333333334,0.42733333333333334,79.17866666666666,18.002,0.01666666666666667
600537,亿晶光电,80.07933333333332,4.152666666666667,5.992000000000001,40.42533333333333,13.431333333333333,0.132
000819,岳阳兴长,79.22333333333333,2.69,2.9686666666666666,76.80999999999997,12.097333333333331,0.07066666666666667
002597,金禾实业,78.47285714285712,15.033571428571431,10.956428571428571,55.73785714285713,11.423571428571432,0.7192857142857144
002074,国轩高科,77.84466666666667,13.56333333333333,12.631333333333332,55.68866666666667,89.08133333333333,0.5493333333333332
002626,金达威,77.58733333333333,10.676,8.086,48.54933333333334,38.10466666666666,0.38266666666666677
000950,重药控股,77.29333333333334,-4.898666666666667,-9.600666666666667,28.70066666666667,37.88733333333333,-0.09999999999999999
601619,嘉泽新能,76.64999999999999,8.846666666666666,5.836666666666666,51.68000000000001,32.24666666666667,0.11666666666666668
000797,中国武夷,76.49933333333335,4.422000000000001,4.542666666666666,38.184,12.429999999999998,0.14466666666666667
002599,盛通股份,76.47800000000001,2.750666666666667,2.166000000000001,31.23466666666667,31.29799999999999,0.126
000688,国城矿业,76.30333333333333,10.327333333333334,10.704666666666666,37.29466666666665,18.990666666666666,0.16
002632,道明光学,76.04333333333334,3.6780000000000013,2.516,51.639333333333326,29.17266666666666,0.10866666666666668
002589,瑞康医药,75.83133333333333,7.23,6.608666666666665,13.486666666666672,44.30600000000001,0.4420000000000001
600854,春兰股份,75.46533333333335,2.084,1.603333333333333,73.36666666666663,63.818,0.07866666666666668
002335,科华恒盛,73.59266666666664,5.082000000000002,5.46,18.792666666666666,27.675999999999995,0.48200000000000004
000545,金浦钛业,72.64666666666668,4.1240000000000006,3.8286666666666656,30.160000000000007,39.04466666666668,0.08333333333333334
002045,国光电器,72.63866666666667,2.118666666666667,2.5959999999999996,66.51466666666666,24.904666666666664,0.068
600175,美都能源,72.08933333333331,0.6880000000000001,1.389333333333333,1.780666666666669,12.524666666666665,0.019333333333333334
000046,泛海控股,71.05066666666667,8.673333333333334,7.522666666666667,67.07133333333333,56.525999999999996,0.26866666666666666
600173,卧龙地产,70.66466666666666,6.109333333333335,4.711333333333332,56.36066666666667,38.97866666666667,0.15266666666666664
002549,凯美特气,70.63266666666668,1.1133333333333333,0.6906666666666665,66.85733333333332,45.584666666666664,0.015333333333333336
002019,亿帆医药,70.55266666666667,12.062,14.338666666666665,-0.5679999999999997,38.279999999999994,0.514
600074,*ST保千,70.40818181818182,17.570909090909087,15.02818181818182,99.74,91.62090909090908,0.14545454545454548
002611,东方精工,70.2773333333333,3.77,4.388,-16.5,72.766,0.12000000000000002
601677,明泰铝业,69.37285714285714,4.646428571428571,3.960714285714286,44.04142857142857,19.417857142857144,0.37142857142857144
002389,航天彩虹,69.30866666666667,2.5966666666666667,2.078666666666667,13.252666666666665,110.85466666666665,0.10800000000000003
002426,胜利精密,69.14666666666668,4.680000000000001,5.166,3.934666666666666,95.95,0.12066666666666666
002282,博深工具,68.94733333333333,2.4079999999999995,2.2626666666666666,38.51400000000001,20.787333333333333,0.07066666666666668
000626,远大控股,68.90333333333334,13.869333333333335,19.763333333333335,-5.0059999999999905,19.695333333333334,0.5946666666666667
600856,中天能源,67.63866666666667,8.697999999999999,7.31,562.4093333333334,79.566,0.24333333333333332
600184,光电股份,67.23214285714286,1.1371428571428572,1.4399999999999997,56.54571428571428,23.829285714285707,0.03928571428571429
002447,晨鑫科技,67.016,3.924666666666667,4.196000000000001,57.864666666666686,20.578666666666667,0.08733333333333333
600589,广东榕泰,66.46357142857143,2.1807142857142856,1.752142857142857,32.85357142857143,10.558571428571426,0.09071428571428573
600351,亚宝药业,66.46333333333332,5.116,5.382666666666667,56.12599999999999,12.160666666666666,0.16000000000000003
002643,万润股份,66.016,6.079333333333334,5.587333333333334,19.526000000000003,32.53866666666667,0.39133333333333337
002349,精华制药,65.559375,4.795000000000001,4.140625,20.936875,22.146875,0.17687499999999998
600380,健康元,65.24600000000001,9.860666666666667,8.026000000000002,38.07933333333333,13.159999999999998,0.36400000000000005
600298,安琪酵母,65.15066666666667,10.665333333333335,7.567333333333334,51.669333333333334,17.650000000000002,0.5393333333333333
600525,长园集团,65.11399999999999,7.635333333333333,6.531999999999998,26.83266666666667,27.89,0.39133333333333326
002616,长青集团,64.936875,3.9137500000000007,3.7393750000000003,34.095625,10.007499999999999,0.16312500000000002
600191,华资实业,64.79571428571428,1.522857142857143,2.417857142857143,40.24500000000001,204.9878571428571,0.06357142857142858
002511,中顺洁柔,64.376,5.450666666666667,3.8433333333333333,52.934666666666665,23.18533333333333,0.22533333333333336
600458,时代新材,63.467333333333336,3.3966666666666665,3.572,75.23866666666666,35.51266666666667,0.1753333333333333
002078,太阳纸业,63.309999999999995,9.44266666666667,7.1419999999999995,36.273333333333326,20.352666666666668,0.31466666666666665
600832,东方明珠,62.83,2.8,2.15,30.23,72.79,0.08
002390,信邦制药,62.61266666666666,3.2313333333333336,3.4053333333333335,7.148666666666665,78.24533333333333,0.10200000000000002
002515,金字火腿,62.380666666666656,2.3126666666666664,2.1806666666666668,45.838,27.75133333333333,0.048666666666666684
002568,百润股份,62.257333333333335,9.268666666666666,9.217333333333332,116.46866666666666,26.85,0.20733333333333334
601872,招商轮船,62.23666666666667,5.735333333333333,5.929333333333332,38.547333333333334,36.70733333333333,0.15333333333333335
600203,福日电子,62.142,1.54,3.1653333333333333,15.584666666666669,41.63466666666667,0.06666666666666668
600338,西藏珠峰,62.06625,40.872499999999995,37.856249999999996,18.913749999999997,19.188749999999995,0.9275
600415,小商品城,61.963333333333345,7.442000000000001,5.46,50.10666666666666,40.77333333333333,0.144
600658,电子城,61.85533333333333,4.088666666666667,6.527333333333333,574.5539999999999,39.015333333333345,0.2686666666666666
002596,海南瑞泽,61.78533333333332,1.9206666666666667,1.2593333333333334,81.81266666666667,26.486666666666675,0.06466666666666666
002849,威星智能,61.410000000000004,5.486666666666667,4.680000000000001,14.833333333333334,82.22000000000001,0.25
002536,西泵股份,60.946000000000005,5.006666666666665,3.5859999999999994,39.31733333333333,17.196666666666665,0.3473333333333334
600777,新潮能源,60.708,-0.21200000000000013,-1.397333333333333,20.46666666666665,281.5106666666667,-0.006666666666666667
000631,顺发恒业,60.37199999999999,7.343333333333333,6.809333333333332,35.49266666666667,22.29266666666667,0.1766666666666667
002408,齐翔腾达,60.24600000000001,5.468,4.806666666666666,38.226000000000006,58.84066666666667,0.22
600559,老白干酒,60.23266666666667,5.711333333333333,4.954666666666666,26.01133333333333,16.137333333333334,0.23533333333333334
601377,兴业证券,60.16733333333333,7.781333333333333,8.751333333333333,34.217333333333336,39.98,0.2886666666666667
600619,海立股份,59.99066666666666,2.769333333333333,2.3020000000000005,43.81533333333335,19.175333333333338,0.12333333333333335
002370,亚太药业,59.75333333333334,5.91,5.282000000000001,20.875333333333337,41.83933333333333,0.26666666666666666
600997,开滦股份,59.52400000000001,1.8793333333333337,0.5926666666666665,28.123333333333342,14.616000000000001,0.11133333333333331
600803,新奥股份,59.47866666666667,7.774000000000001,8.094666666666667,35.681333333333335,24.904000000000003,0.38199999999999995
600141,兴发集团,59.45928571428572,2.0349999999999997,2.926428571428571,31.56428571428571,12.894285714285715,0.20214285714285712
600999,招商证券,59.42133333333333,7.954,8.609333333333334,16.448,44.01733333333333,0.6593333333333333
000757,浩物股份,59.337857142857146,4.563571428571429,3.636428571428571,34.64071428571429,17.162857142857142,0.060714285714285735
002202,金风科技,58.650666666666666,8.822,8.203999999999999,40.992,25.635333333333335,0.5266666666666667
600644,乐山电力,58.218666666666664,7.8226666666666675,-19.758,35.897999999999996,10.493333333333332,0.16333333333333336
002717,岭南股份,58.13133333333332,9.384000000000004,9.440666666666667,1.8786666666666685,61.34533333333334,0.4166666666666668
000029,深深房Ａ,58.093333333333334,6.945333333333334,6.338,38.702666666666666,11.415333333333335,0.17466666666666666
601238,广汽集团,58.068666666666665,10.556666666666667,8.792,35.10933333333333,42.73799999999999,0.7306666666666665
002768,国恩股份,58.04100000000001,10.963,10.158000000000001,9.117,61.20000000000001,0.442
002008,大族激光,57.61933333333334,12.516,10.774666666666665,31.35066666666667,24.696,0.6840000000000003
002018,*ST华信,57.544666666666664,0.0406666666666665,4.200666666666667,114.49333333333334,27.79666666666667,0.011333333333333325
002503,搜于特,57.45066666666666,7.210666666666667,6.160666666666668,22.258,124.68599999999999,0.14333333333333334
601949,中国出版,57.08,4.05,3.4,19.12,16.51,0.13
002129,中环股份,56.754000000000005,2.5100000000000007,2.2659999999999996,13.274,28.642000000000003,0.09933333333333334
600240,华业资本,56.71666666666667,10.679333333333336,10.766,32.55533333333333,93.74333333333331,0.3953333333333333
002402,和而泰,56.37800000000001,7.649333333333333,5.891333333333334,36.168,32.370000000000005,0.14866666666666667
002734,利民股份,56.04583333333332,6.81,6.414166666666667,15.878333333333332,20.360833333333332,0.5116666666666667
000546,金圆股份,55.98333333333333,6.307333333333334,4.920000000000001,468.6853333333334,104.346,0.23200000000000004
600206,有研新材,55.655333333333346,0.9860000000000001,0.4813333333333334,53.272000000000006,19.714,0.03333333333333333
002682,龙洲股份,55.523999999999994,2.6913333333333336,2.344666666666667,16.887999999999998,22.15533333333333,0.15333333333333332
002509,天广中茂,55.49066666666668,5.328,5.541333333333333,-5.608666666666667,60.91,0.13733333333333334
601015,陕西黑猫,55.30916666666667,2.229166666666666,2.1074999999999995,32.65999999999999,27.086666666666662,0.06500000000000002
600787,中储股份,55.272666666666666,4.808000000000001,5.491333333333332,21.98466666666667,12.620666666666668,0.19533333333333333
002882,金龙羽,54.96000000000001,10.755,12.875,-13.93,52.635000000000005,0.37
000070,特发信息,54.913333333333334,6.123999999999999,5.024000000000001,27.139999999999993,42.69266666666667,0.24000000000000002
600869,智慧能源,54.687333333333335,4.250666666666666,4.553999999999999,47.15066666666666,15.384666666666666,0.10066666666666667
002513,蓝丰生化,54.45000000000002,0.6746666666666666,0.2599999999999998,-10.358666666666663,10.466666666666669,0.06533333333333333
600064,南京高科,54.35666666666667,6.4833333333333325,6.180000000000001,21.776666666666667,22.743999999999996,0.752
600367,红星发展,54.35466666666665,1.7699999999999994,0.27266666666666656,51.68866666666664,10.043333333333331,0.0686666666666667
600587,新华医疗,54.257333333333335,3.0646666666666667,4.592666666666667,46.47933333333334,15.578666666666667,0.242
600285,羚锐制药,54.24333333333334,7.362,6.656666666666665,20.910000000000004,27.962666666666667,0.26133333333333336
002741,光华科技,53.96818181818182,6.040909090909091,5.168181818181818,22.350909090909095,25.732727272727278,0.15181818181818182
002435,长江润发,52.79933333333333,3.2180000000000004,3.0099999999999993,15.347333333333328,28.61733333333333,0.2373333333333333
000776,广发证券,52.571333333333335,8.228666666666667,8.807333333333334,16.063999999999997,41.118,0.778
002087,新野纺织,52.486,4.750000000000001,3.702,31.664666666666665,17.922000000000004,0.17533333333333329
000565,渝三峡Ａ,52.12466666666667,8.824000000000002,9.151333333333332,30.283333333333335,99.79066666666664,0.2026666666666667
002121,科陆电子,52.083999999999996,4.298,4.7346666666666675,11.864666666666666,31.581999999999994,0.13333333333333333
000951,中国重汽,51.84533333333334,6.848,5.941333333333334,39.19533333333334,22.05866666666667,0.5633333333333334
002711,欧浦智网,51.837333333333326,9.458,8.251333333333333,32.132000000000005,57.50000000000001,0.24399999999999997
002500,山西证券,51.727333333333334,5.027333333333333,5.8966666666666665,40.077999999999996,58.53999999999999,0.17466666666666664
601688,华泰证券,51.693999999999996,6.408666666666666,6.668000000000001,13.157333333333332,37.705333333333336,0.7033333333333333
002128,露天煤业,51.40866666666668,7.803333333333332,5.887333333333333,40.03666666666666,10.828000000000005,0.4733333333333334
002434,万里扬,50.69733333333333,6.665333333333335,6.672666666666666,1.8653333333333324,43.30933333333334,0.26133333333333336
002491,通鼎互联,50.62466666666668,7.952,7.1160000000000005,39.958000000000006,10.617333333333333,0.222
002261,拓维信息,50.55,3.94,5.001333333333332,-7.73933333333333,17.730666666666668,0.15266666666666667
002514,宝馨科技,50.364,2.454,1.4200000000000002,19.936,23.96266666666667,0.06000000000000001
002545,东方铁塔,50.36133333333333,1.8846666666666665,1.5886666666666664,26.275999999999996,23.019333333333332,0.09600000000000002
002639,雪人股份,50.13,0.20153846153846156,0.33307692307692316,35.54461538461538,45.900000000000006,0.009230769230769233
